3515.605713,1.94E-16
3517.463029,1.83E-16
3519.320346,1.07E-16
3521.177662,1.51E-16
3523.034979,2.29E-16
3524.892295,2.76E-17
3526.749612,2.62E-16
3528.606928,2.56E-16
3530.464245,-1.11E-16
3532.321561,-1.05E-16
3534.178878,6.00E-17
3536.036194,2.64E-16
3537.89351,1.93E-16
3539.750827,1.12E-16
3541.608143,1.37E-16
3543.46546,-1.30E-17
3545.322776,-1.12E-16
3547.180093,-1.11E-16
3549.037409,-2.13E-17
3550.894726,2.93E-16
3552.752042,5.39E-17
3554.609359,2.08E-16
3556.466675,-1.16E-16
3558.323992,-1.53E-16
3560.181308,-1.54E-16
3562.038625,1.83E-16
3563.895941,1.28E-16
3565.753257,8.78E-17
3567.610574,9.58E-17
3569.46789,9.55E-17
3571.325207,-1.16E-16
3573.182523,3.32E-17
3575.03984,1.07E-16
3576.897156,-4.30E-17
3578.754473,8.38E-17
3580.611789,-1.03E-17
3582.469106,-4.11E-16
3584.326422,-1.99E-16
3586.183739,-1.45E-16
3588.041055,-1.60E-16
3589.898372,-1.54E-16
3591.755688,-6.06E-17
3593.613004,-3.84E-17
3595.470321,9.80E-17
3597.327637,-2.40E-17
3599.184954,-1.38E-16
3601.04227,-3.88E-17
3602.899587,1.10E-16
3604.756903,-5.35E-17
3606.61422,-2.12E-16
3608.471536,-1.28E-16
3610.328853,-1.24E-16
3612.186169,-2.24E-16
3614.043486,-1.09E-16
3615.900802,-1.60E-16
3617.758119,-3.41E-16
3619.615435,-2.17E-16
3621.472751,-2.44E-16
3623.330068,-2.85E-16
3625.187384,-1.12E-16
3627.044701,-1.66E-16
3628.902017,-4.37E-17
3630.759334,1.12E-16
3632.61665,2.91E-18
3634.473967,-4.13E-17
3636.331283,-2.08E-16
3638.1886,-5.37E-17
3640.045916,4.01E-18
3641.903233,1.93E-17
3643.760549,1.30E-16
3645.617866,-5.39E-17
3647.475182,-1.05E-16
3649.332498,-3.98E-17
3651.189815,2.18E-16
3653.047131,2.61E-17
3654.904448,-1.19E-16
3656.761764,-1.53E-16
3658.619081,-4.21E-17
3660.476397,1.12E-16
3662.333714,1.34E-16
3664.19103,-1.92E-17
3666.048347,-1.85E-17
3667.905663,1.17E-16
3669.76298,-6.51E-17
3671.620296,-2.47E-16
3673.477613,-2.18E-16
3675.334929,-1.45E-16
3677.192245,-1.14E-16
3679.049562,-5.85E-17
3680.906878,1.18E-17
3682.764195,4.89E-17
3684.621511,2.42E-18
3686.478828,2.20E-16
3688.336144,2.10E-16
3690.193461,-2.11E-17
3692.050777,-1.41E-16
3693.908094,-2.29E-17
3695.76541,-2.09E-17
3697.622727,4.58E-17
3699.480043,1.15E-16
3701.33736,8.71E-17
3703.194676,7.95E-17
3705.051992,2.16E-17
3706.909309,4.90E-17
3708.766625,-1.45E-18
3710.623942,3.95E-17
3712.481258,1.90E-16
3714.338575,3.06E-16
3716.195891,2.39E-16
3718.053208,4.36E-16
3719.910524,9.26E-16
3721.767841,1.72E-15
3723.625157,2.22E-15
3725.482474,2.44E-15
3727.33979,1.89E-15
3729.197107,1.27E-15
3731.054423,6.16E-16
3732.911739,1.48E-16
3734.769056,1.21E-16
3736.626372,1.21E-16
3738.483689,9.94E-17
3740.341005,5.09E-17
3742.198322,1.52E-16
3744.055638,2.51E-16
3745.912955,1.33E-16
3747.770271,1.10E-16
3749.627588,1.96E-17
3751.484904,1.69E-16
3753.342221,1.47E-16
3755.199537,-3.74E-17
3757.056854,-8.56E-17
3758.91417,-9.08E-17
3760.771486,7.23E-17
3762.628803,5.75E-17
3764.486119,-8.08E-17
3766.343436,5.03E-17
3768.200752,1.75E-16
3770.058069,2.75E-17
3771.915385,3.89E-17
3773.772702,2.94E-17
3775.630018,-2.92E-17
3777.487335,-4.54E-17
3779.344651,3.59E-17
3781.201968,1.70E-16
3783.059284,6.85E-17
3784.916601,-1.03E-17
3786.773917,1.07E-16
3788.631233,3.79E-17
3790.48855,9.04E-17
3792.345866,1.79E-17
3794.203183,1.12E-16
3796.060499,2.33E-16
3797.917816,2.31E-16
3799.775132,5.75E-18
3801.632449,-7.64E-17
3803.489765,3.55E-16
3805.347082,3.37E-16
3807.204398,7.27E-17
3809.061715,1.17E-16
3810.919031,4.38E-17
3812.776348,4.53E-17
3814.633664,1.68E-17
3816.49098,8.55E-17
3818.348297,6.98E-17
3820.205613,8.95E-17
3822.06293,1.49E-16
3823.920246,1.25E-16
3825.777563,4.14E-17
3827.634879,1.25E-16
3829.492196,1.15E-16
3831.349512,2.68E-16
3833.206829,9.28E-17
3835.064145,-4.00E-16
3836.921462,-5.56E-18
3838.778778,9.46E-17
3840.636095,6.16E-17
3842.493411,4.01E-17
3844.350727,-1.27E-17
3846.208044,7.84E-17
3848.06536,1.10E-16
3849.922677,2.67E-17
3851.779993,1.94E-17
3853.63731,8.74E-17
3855.494626,1.84E-16
3857.351943,1.65E-16
3859.209259,7.49E-17
3861.066576,2.16E-16
3862.923892,9.66E-16
3864.781209,1.94E-15
3866.638525,2.59E-15
3868.495842,2.61E-15
3870.353158,1.95E-15
3872.210474,7.86E-16
3874.067791,2.20E-16
3875.925107,1.85E-16
3877.782424,1.51E-16
3879.63974,1.03E-16
3881.497057,4.92E-17
3883.354373,2.02E-16
3885.21169,4.08E-16
3887.069006,5.47E-16
3888.926323,5.74E-16
3890.783639,4.50E-16
3892.640956,1.68E-16
3894.498272,1.44E-16
3896.355589,8.17E-17
3898.212905,-7.74E-17
3900.070221,-4.68E-17
3901.927538,4.29E-17
3903.784854,4.25E-17
3905.642171,1.36E-16
3907.499487,2.88E-17
3909.356804,4.48E-17
3911.21412,1.77E-16
3913.071437,9.70E-17
3914.928753,1.47E-16
3916.78607,1.21E-16
3918.643386,8.73E-17
3920.500703,1.24E-17
3922.358019,3.83E-17
3924.215336,-8.72E-20
3926.072652,5.44E-17
3927.929968,-1.20E-17
3929.787285,-9.12E-18
3931.644601,-9.42E-18
3933.501918,6.03E-17
3935.359234,-5.77E-19
3937.216551,-7.53E-18
3939.073867,6.51E-17
3940.931184,5.33E-17
3942.7885,3.49E-17
3944.645817,-1.45E-17
3946.503133,-8.99E-17
3948.36045,6.77E-17
3950.217766,7.48E-17
3952.075083,4.78E-17
3953.932399,5.88E-17
3955.789715,6.76E-17
3957.647032,2.09E-17
3959.504348,1.19E-16
3961.361665,1.97E-16
3963.218981,5.57E-16
3965.076298,1.02E-15
3966.933614,1.21E-15
3968.790931,1.13E-15
3970.648247,7.50E-16
3972.505564,3.84E-16
3974.36288,1.18E-16
3976.220197,1.38E-16
3978.077513,1.17E-16
3979.93483,-3.74E-17
3981.792146,2.60E-17
3983.649462,3.65E-17
3985.506779,8.95E-17
3987.364095,6.38E-17
3989.221412,1.63E-16
3991.078728,-2.47E-17
3992.936045,2.75E-17
3994.793361,4.59E-17
3996.650678,-2.79E-17
3998.507994,-2.74E-17
4000.365311,7.49E-17
4002.222627,-3.37E-17
4004.079944,-2.70E-17
4005.93726,-3.15E-17
4007.794577,-3.02E-17
4009.651893,-3.75E-17
4011.509209,-2.17E-17
4013.366526,-1.00E-18
4015.223842,5.78E-17
4017.081159,4.63E-17
4018.938475,-9.96E-18
4020.795792,2.25E-17
4022.653108,9.27E-17
4024.510425,1.22E-16
4026.367741,9.35E-17
4028.225058,1.63E-17
4030.082374,-7.75E-17
4031.939691,-2.57E-17
4033.797007,5.45E-17
4035.654324,2.28E-17
4037.51164,6.97E-17
4039.368956,7.96E-17
4041.226273,9.77E-17
4043.083589,4.49E-17
4044.940906,-1.60E-18
4046.798222,7.41E-18
4048.655539,2.65E-17
4050.512855,6.94E-18
4052.370172,-9.83E-19
4054.227488,5.46E-17
4056.084805,1.20E-16
4057.942121,7.13E-17
4059.799438,5.10E-17
4061.656754,7.12E-17
4063.514071,7.50E-17
4065.371387,1.29E-17
4067.228703,1.14E-16
4069.08602,1.23E-16
4070.943336,9.91E-17
4072.800653,5.10E-17
4074.657969,8.23E-17
4076.515286,9.62E-17
4078.372602,-5.51E-18
4080.229919,-6.32E-17
4082.087235,-2.74E-17
4083.944552,-7.17E-18
4085.801868,4.56E-17
4087.659185,9.26E-18
4089.516501,5.30E-17
4091.373818,-9.30E-18
4093.231134,4.17E-17
4095.08845,1.70E-16
4096.945767,4.64E-16
4098.803083,6.89E-16
4100.6604,7.83E-16
4102.517716,5.53E-16
4104.375033,3.68E-18
4106.232349,-4.05E-16
4108.089666,-1.50E-16
4109.946982,-5.62E-18
4111.804299,-1.03E-16
4113.661615,-1.81E-18
4115.518932,6.62E-17
4117.376248,3.03E-17
4119.233565,-5.15E-18
4121.090881,2.73E-17
4122.948197,7.21E-17
4124.805514,-3.13E-18
4126.66283,2.42E-17
4128.520147,1.19E-16
4130.377463,1.53E-16
4132.23478,4.38E-17
4134.092096,3.53E-17
4135.949413,2.36E-17
4137.806729,8.21E-17
4139.664046,7.04E-17
4141.521362,-4.82E-17
4143.378679,-2.66E-17
4145.235995,5.33E-17
4147.093312,-1.96E-16
4148.950628,-2.33E-16
4150.807944,-2.44E-16
4152.665261,-3.50E-16
4154.522577,-8.81E-17
4156.379894,3.34E-17
4158.23721,3.39E-17
4160.094527,4.22E-17
4161.951843,8.23E-17
4163.80916,6.17E-17
4165.666476,8.68E-17
4167.523793,1.39E-16
4169.381109,5.89E-17
4171.238426,2.97E-17
4173.095742,4.93E-17
4174.953059,9.90E-17
4176.810375,-6.93E-18
4178.667691,-1.44E-17
4180.525008,-2.63E-17
4182.382324,3.85E-17
4184.239641,6.82E-17
4186.096957,5.54E-17
4187.954274,6.39E-17
4189.81159,1.31E-16
4191.668907,3.30E-17
4193.526223,-1.42E-16
4195.38354,5.04E-17
4197.240856,1.55E-16
4199.098173,4.79E-16
4200.955489,4.22E-16
4202.812806,9.86E-17
4204.670122,-5.28E-18
4206.527438,-2.73E-17
4208.384755,-1.75E-17
4210.242071,2.40E-17
4212.099388,1.18E-18
4213.956704,-2.55E-17
4215.814021,-1.12E-17
4217.671337,6.13E-19
4219.528654,-1.30E-17
4221.38597,-6.92E-17
4223.243287,-5.42E-17
4225.100603,1.64E-17
4226.95792,4.98E-17
4228.815236,-1.79E-18
4230.672553,4.52E-17
4232.529869,2.87E-17
4234.387185,7.54E-17
4236.244502,8.07E-17
4238.101818,-2.04E-17
4239.959135,-5.07E-17
4241.816451,4.25E-17
4243.673768,4.61E-17
4245.531084,7.64E-17
4247.388401,4.40E-17
4249.245717,1.91E-17
4251.103034,4.64E-17
4252.96035,6.83E-17
4254.817667,-2.14E-18
4256.674983,-6.67E-17
4258.5323,-1.38E-17
4260.389616,4.36E-17
4262.246932,9.43E-17
4264.104249,5.15E-17
4265.961565,7.05E-17
4267.818882,1.50E-17
4269.676198,-7.15E-17
4271.533515,-1.26E-17
4273.390831,-2.62E-17
4275.248148,4.24E-17
4277.105464,6.85E-17
4278.962781,1.12E-16
4280.820097,1.01E-16
4282.677414,1.19E-16
4284.53473,-1.50E-17
4286.392047,1.16E-17
4288.249363,7.97E-17
4290.106679,9.28E-18
4291.963996,-2.95E-17
4293.821312,-1.19E-17
4295.678629,2.31E-17
4297.535945,4.12E-17
4299.393262,6.56E-17
4301.250578,-1.42E-17
4303.107895,2.66E-17
4304.965211,6.28E-18
4306.822528,4.28E-17
4308.679844,6.88E-18
4310.537161,1.44E-17
4312.394477,2.03E-17
4314.251794,3.81E-17
4316.10911,-2.01E-18
4317.966426,-8.15E-18
4319.823743,-7.76E-18
4321.681059,-2.17E-17
4323.538376,5.13E-17
4325.395692,1.04E-17
4327.253009,4.05E-17
4329.110325,7.95E-17
4330.967642,9.83E-17
4332.824958,1.72E-16
4334.682275,5.16E-16
4336.539591,1.20E-15
4338.396908,1.47E-15
4340.254224,1.43E-15
4342.111541,9.67E-16
4343.968857,3.29E-16
4345.826173,9.09E-17
4347.68349,5.15E-17
4349.540806,1.06E-16
4351.398123,1.38E-16
4353.255439,1.38E-16
4355.112756,1.59E-16
4356.970072,2.41E-16
4358.827389,3.25E-16
4360.684705,4.22E-16
4362.542022,4.26E-16
4364.399338,3.20E-16
4366.256655,7.57E-17
4368.113971,9.16E-17
4369.971288,8.53E-17
4371.828604,6.89E-17
4373.68592,5.16E-17
4375.543237,1.02E-17
4377.400553,5.63E-17
4379.25787,1.65E-16
4381.115186,1.03E-17
4382.972503,4.51E-18
4384.829819,-2.37E-17
4386.687136,4.62E-17
4388.544452,2.12E-17
4390.401769,6.16E-17
4392.259085,-1.47E-17
4394.116402,8.28E-17
4395.973718,9.01E-17
4397.831035,6.17E-17
4399.688351,-2.79E-18
4401.545667,2.28E-17
4403.402984,3.87E-17
4405.2603,-6.58E-17
4407.117617,1.42E-17
4408.974933,5.19E-17
4410.83225,7.45E-19
4412.689566,-8.23E-17
4414.546883,2.98E-17
4416.404199,8.27E-17
4418.261516,1.15E-17
4420.118832,3.08E-17
4421.976149,3.14E-17
4423.833465,2.71E-17
4425.690782,-3.00E-17
4427.548098,-4.14E-17
4429.405414,1.69E-17
4431.262731,3.24E-17
4433.120047,-5.37E-18
4434.977364,-9.30E-17
4436.83468,4.44E-17
4438.691997,5.31E-17
4440.549313,4.07E-17
4442.40663,5.63E-17
4444.263946,-2.30E-17
4446.121263,4.67E-17
4447.978579,1.47E-16
4449.835896,8.23E-17
4451.693212,7.06E-17
4453.550529,4.44E-17
4455.407845,-5.01E-18
4457.265161,1.59E-17
4459.122478,3.48E-17
4460.979794,8.83E-17
4462.837111,3.99E-17
4464.694427,2.15E-17
4466.551744,5.51E-17
4468.40906,1.40E-16
4470.266377,9.57E-17
4472.123693,1.59E-16
4473.98101,8.33E-17
4475.838326,7.06E-17
4477.695643,7.73E-17
4479.552959,4.62E-17
4481.410276,-9.39E-18
4483.267592,-8.10E-18
4485.124909,-4.13E-17
4486.982225,-2.82E-18
4488.839541,-1.82E-17
4490.696858,-6.96E-18
4492.554174,3.69E-18
4494.411491,4.43E-18
4496.268807,7.56E-17
4498.126124,1.77E-17
4499.98344,1.01E-17
4501.840757,2.94E-17
4503.698073,9.17E-17
4505.55539,4.33E-17
4507.412706,5.96E-17
4509.270023,3.31E-17
4511.127339,7.59E-17
4512.984656,-4.51E-18
4514.841972,-5.74E-18
4516.699288,6.82E-17
4518.556605,7.34E-17
4520.413921,8.37E-17
4522.271238,8.89E-17
4524.128554,3.47E-17
4525.985871,5.80E-17
4527.843187,7.37E-18
4529.700504,-2.25E-17
4531.55782,7.82E-17
4533.415137,1.06E-16
4535.272453,9.53E-17
4537.12977,1.08E-16
4538.987086,5.96E-17
4540.844403,3.32E-17
4542.701719,7.34E-17
4544.559035,6.27E-17
4546.416352,2.00E-18
4548.273668,4.38E-17
4550.130985,3.20E-17
4551.988301,3.02E-17
4553.845618,1.84E-18
4555.702934,-3.18E-17
4557.560251,2.45E-17
4559.417567,3.26E-17
4561.274884,7.14E-17
4563.1322,9.40E-17
4564.989517,6.69E-17
4566.846833,6.76E-17
4568.70415,8.89E-18
4570.561466,1.12E-17
4572.418782,3.10E-17
4574.276099,4.62E-18
4576.133415,3.57E-17
4577.990732,8.66E-17
4579.848048,2.05E-17
4581.705365,3.92E-17
4583.562681,2.58E-17
4585.419998,-1.42E-17
4587.277314,4.36E-17
4589.134631,8.30E-17
4590.991947,3.65E-17
4592.849264,6.84E-17
4594.70658,7.81E-17
4596.563897,8.79E-17
4598.421213,1.49E-17
4600.278529,7.59E-18
4602.135846,6.56E-18
4603.993162,-1.02E-17
4605.850479,6.57E-17
4607.707795,4.54E-18
4609.565112,-4.63E-17
4611.422428,-2.13E-17
4613.279745,-3.52E-18
4615.137061,4.53E-17
4616.994378,1.86E-17
4618.851694,2.46E-17
4620.709011,3.26E-17
4622.566327,9.40E-17
4624.423644,-1.28E-18
4626.28096,1.31E-17
4628.138276,7.46E-17
4629.995593,6.59E-17
4631.852909,1.17E-16
4633.710226,7.47E-17
4635.567542,4.87E-17
4637.424859,7.53E-17
4639.282175,3.88E-17
4641.139492,-1.68E-17
4642.996808,1.82E-17
4644.854125,3.30E-17
4646.711441,1.13E-16
4648.568758,1.22E-16
4650.426074,2.55E-17
4652.283391,2.56E-17
4654.140707,2.67E-17
4655.998023,5.81E-17
4657.85534,4.66E-17
4659.712656,2.03E-17
4661.569973,4.19E-17
4663.427289,3.81E-17
4665.284606,6.02E-17
4667.141922,7.23E-17
4668.999239,3.85E-17
4670.856555,7.89E-17
4672.713872,1.18E-16
4674.571188,1.30E-16
4676.428505,7.07E-17
4678.285821,1.44E-16
4680.143138,5.19E-16
4682.000454,1.08E-15
4683.85777,1.41E-15
4685.715087,1.44E-15
4687.572403,1.01E-15
4689.42972,3.61E-16
4691.287036,4.48E-17
4693.144353,-3.09E-17
4695.001669,-1.46E-17
4696.858986,5.74E-18
4698.716302,3.15E-17
4700.573619,8.57E-17
4702.430935,3.74E-17
4704.288252,2.54E-17
4706.145568,7.17E-17
4708.002885,8.90E-17
4709.860201,8.21E-17
4711.717517,1.49E-16
4713.574834,1.11E-16
4715.43215,6.07E-17
4717.289467,6.43E-17
4719.146783,-3.58E-18
4721.0041,3.02E-17
4722.861416,1.12E-16
4724.718733,6.09E-17
4726.576049,-2.55E-17
4728.433366,-1.09E-17
4730.290682,6.05E-17
4732.147999,7.54E-17
4734.005315,3.25E-17
4735.862632,6.22E-17
4737.719948,9.42E-17
4739.577264,9.65E-17
4741.434581,6.05E-17
4743.291897,2.23E-17
4745.149214,7.38E-17
4747.00653,5.37E-17
4748.863847,3.51E-17
4750.721163,2.50E-17
4752.57848,2.26E-17
4754.435796,1.35E-17
4756.293113,2.52E-17
4758.150429,7.89E-17
4760.007746,4.33E-17
4761.865062,8.93E-17
4763.722379,6.15E-17
4765.579695,-7.26E-18
4767.437011,2.54E-17
4769.294328,-1.61E-17
4771.151644,5.86E-17
4773.008961,1.01E-16
4774.866277,2.31E-17
4776.723594,9.18E-18
4778.58091,1.04E-17
4780.438227,2.28E-17
4782.295543,9.00E-17
4784.15286,6.28E-17
4786.010176,1.14E-17
4787.867493,1.15E-17
4789.724809,-2.27E-18
4791.582126,2.61E-18
4793.439442,2.20E-17
4795.296758,4.58E-18
4797.154075,8.49E-17
4799.011391,7.16E-17
4800.868708,2.12E-17
4802.726024,3.48E-17
4804.583341,-6.95E-18
4806.440657,-3.71E-17
4808.297974,5.57E-17
4810.15529,1.16E-16
4812.012607,7.34E-18
4813.869923,-1.55E-17
4815.72724,1.28E-17
4817.584556,3.81E-17
4819.441873,7.94E-17
4821.299189,3.19E-17
4823.156505,5.40E-17
4825.013822,4.15E-17
4826.871138,5.93E-17
4828.728455,1.17E-16
4830.585771,7.38E-17
4832.443088,6.48E-17
4834.300404,3.33E-17
4836.157721,7.71E-17
4838.015037,6.50E-17
4839.872354,6.93E-17
4841.72967,7.47E-17
4843.586987,1.01E-16
4845.444303,6.86E-17
4847.30162,8.34E-17
4849.158936,1.02E-16
4851.016252,8.74E-17
4852.873569,1.12E-16
4854.730885,5.13E-16
4856.588202,1.74E-15
4858.445518,3.15E-15
4860.302835,3.53E-15
4862.160151,3.13E-15
4864.017468,1.84E-15
4865.874784,6.09E-16
4867.732101,2.60E-16
4869.589417,1.50E-16
4871.446734,8.02E-17
4873.30405,1.10E-16
4875.161367,9.40E-17
4877.018683,1.27E-16
4878.875999,1.50E-16
4880.733316,1.44E-16
4882.590632,5.50E-17
4884.447949,3.64E-16
4886.305265,3.88E-16
4888.162582,5.04E-17
4890.019898,8.56E-17
4891.877215,9.89E-17
4893.734531,5.56E-17
4895.591848,7.41E-17
4897.449164,9.22E-17
4899.306481,3.14E-17
4901.163797,1.02E-16
4903.021114,1.60E-16
4904.87843,4.99E-17
4906.735746,3.15E-17
4908.593063,7.24E-17
4910.450379,6.57E-17
4912.307696,4.49E-17
4914.165012,8.94E-17
4916.022329,9.01E-17
4917.879645,8.44E-17
4919.736962,1.49E-16
4921.594278,1.75E-16
4923.451595,1.63E-16
4925.308911,2.14E-16
4927.166228,2.39E-16
4929.023544,1.98E-16
4930.880861,1.61E-16
4932.738177,1.89E-16
4934.595493,2.02E-16
4936.45281,1.84E-16
4938.310126,2.69E-16
4940.167443,2.53E-16
4942.024759,2.31E-16
4943.882076,3.08E-16
4945.739392,3.48E-16
4947.596709,3.65E-16
4949.454025,4.09E-16
4951.311342,9.06E-16
4953.168658,4.11E-15
4955.025975,1.08E-14
4956.883291,1.45E-14
4958.740608,1.44E-14
4960.597924,1.05E-14
4962.45524,4.16E-15
4964.312557,9.61E-16
4966.169873,4.75E-16
4968.02719,4.61E-16
4969.884506,5.05E-16
4971.741823,4.42E-16
4973.599139,3.89E-16
4975.456456,4.90E-16
4977.313772,5.24E-16
4979.171089,5.07E-16
4981.028405,6.54E-16
4982.885722,5.74E-16
4984.743038,6.25E-16
4986.600355,6.42E-16
4988.457671,6.11E-16
4990.314987,7.13E-16
4992.172304,7.91E-16
4994.02962,7.98E-16
4995.886937,9.25E-16
4997.744253,1.23E-15
4999.60157,3.40E-15
5001.458886,1.62E-14
5003.316203,3.57E-14
5005.173519,4.44E-14
5007.030836,4.17E-14
5008.888152,2.71E-14
5010.745469,9.20E-15
5012.602785,1.94E-15
5014.460102,1.12E-15
5016.317418,9.72E-16
5018.174734,7.76E-16
5020.032051,6.90E-16
5021.889367,5.79E-16
5023.746684,5.75E-16
5025.604,4.78E-16
5027.461317,4.67E-16
5029.318633,4.90E-16
5031.17595,3.98E-16
5033.033266,3.46E-16
5034.890583,2.99E-16
5036.747899,2.57E-16
5038.605216,2.55E-16
5040.462532,2.54E-16
5042.319849,2.30E-16
5044.177165,1.89E-16
5046.034481,2.19E-16
5047.891798,1.86E-16
5049.749114,1.44E-16
5051.606431,1.19E-16
5053.463747,1.89E-16
5055.321064,2.02E-16
5057.17838,1.81E-16
5059.035697,1.09E-16
5060.893013,1.32E-16
5062.75033,1.28E-16
5064.607646,9.31E-17
5066.464963,7.59E-17
5068.322279,8.93E-17
5070.179596,1.22E-16
5072.036912,1.93E-16
5073.894228,2.11E-16
5075.751545,6.77E-17
5077.608861,6.54E-17
5079.466178,1.21E-16
5081.323494,1.68E-16
5083.180811,1.21E-16
5085.038127,1.08E-16
5086.895444,7.41E-17
5088.75276,6.64E-17
5090.610077,4.71E-17
5092.467393,6.03E-17
5094.32471,8.50E-17
5096.182026,6.45E-17
5098.039343,1.02E-16
5099.896659,1.07E-16
5101.753975,8.13E-17
5103.611292,8.83E-17
5105.468608,9.26E-18
5107.325925,1.53E-17
5109.183241,1.94E-16
5111.040558,8.97E-17
5112.897874,5.32E-17
5114.755191,5.41E-17
5116.612507,-1.01E-17
5118.469824,1.75E-17
5120.32714,5.91E-17
5122.184457,4.90E-17
5124.041773,5.46E-17
5125.89909,7.13E-17
5127.756406,4.74E-17
5129.613722,6.95E-17
5131.471039,8.36E-17
5133.328355,7.30E-17
5135.185672,6.78E-17
5137.042988,5.88E-17
5138.900305,3.78E-17
5140.757621,6.37E-17
5142.614938,9.14E-17
5144.472254,2.10E-17
5146.329571,1.18E-17
5148.186887,2.52E-17
5150.044204,1.37E-17
5151.90152,-2.11E-17
5153.758837,2.73E-17
5155.616153,2.29E-17
5157.473469,-2.70E-17
5159.330786,-6.14E-18
5161.188102,7.05E-17
5163.045419,1.14E-16
5164.902735,1.04E-17
5166.760052,-1.30E-17
5168.617368,5.38E-17
5170.474685,6.29E-17
5172.332001,1.04E-17
5174.189318,1.92E-17
5176.046634,5.45E-17
5177.903951,-2.61E-17
5179.761267,6.05E-18
5181.618584,3.47E-17
5183.4759,4.66E-17
5185.333216,4.39E-17
5187.190533,5.30E-17
5189.047849,7.39E-17
5190.905166,5.99E-17
5192.762482,4.30E-17
5194.619799,7.25E-17
5196.477115,6.86E-17
5198.334432,7.40E-17
5200.191748,5.67E-17
5202.049065,1.55E-18
5203.906381,-1.07E-17
5205.763698,3.46E-17
5207.621014,4.62E-17
5209.478331,1.08E-17
5211.335647,7.43E-17
5213.192963,4.03E-17
5215.05028,5.04E-17
5216.907596,3.26E-17
5218.764913,2.72E-17
5220.622229,2.36E-17
5222.479546,4.00E-17
5224.336862,8.42E-17
5226.194179,1.22E-16
5228.051495,1.05E-16
5229.908812,6.00E-17
5231.766128,1.81E-17
5233.623445,6.29E-17
5235.480761,5.57E-17
5237.338078,2.21E-17
5239.195394,2.26E-17
5241.05271,1.96E-17
5242.910027,4.78E-17
5244.767343,4.73E-17
5246.62466,-2.36E-17
5248.481976,4.04E-17
5250.339293,2.82E-16
5252.196609,2.98E-16
5254.053926,1.80E-16
5255.911242,1.28E-16
5257.768559,6.59E-17
5259.625875,9.20E-17
5261.483192,9.29E-17
5263.340508,4.65E-17
5265.197825,4.37E-17
5267.055141,1.08E-18
5268.912457,3.20E-17
5270.769774,4.48E-17
5272.62709,2.62E-17
5274.484407,3.35E-17
5276.341723,4.31E-17
5278.19904,7.04E-18
5280.056356,2.41E-17
5281.913673,6.45E-17
5283.770989,1.35E-17
5285.628306,8.41E-17
5287.485622,8.32E-17
5289.342939,4.67E-17
5291.200255,4.10E-17
5293.057572,2.04E-19
5294.914888,1.63E-17
5296.772204,6.01E-17
5298.629521,1.92E-17
5300.486837,1.60E-17
5302.344154,3.66E-17
5304.20147,3.89E-17
5306.058787,4.11E-17
5307.916103,1.42E-17
5309.77342,1.70E-17
5311.630736,5.57E-17
5313.488053,5.62E-17
5315.345369,1.98E-17
5317.202686,1.82E-17
5319.060002,3.09E-17
5320.917319,4.06E-17
5322.774635,8.98E-18
5324.631951,9.92E-18
5326.489268,2.94E-17
5328.346584,4.67E-17
5330.203901,5.93E-17
5332.061217,2.82E-17
5333.918534,3.64E-17
5335.77585,4.32E-17
5337.633167,6.34E-17
5339.490483,3.54E-17
5341.3478,-1.47E-17
5343.205116,1.29E-17
5345.062433,3.38E-17
5346.919749,1.26E-17
5348.777066,5.87E-17
5350.634382,7.30E-17
5352.491698,2.81E-17
5354.349015,2.98E-17
5356.206331,5.73E-17
5358.063648,4.32E-17
5359.920964,2.39E-17
5361.778281,8.04E-18
5363.635597,1.96E-17
5365.492914,-1.21E-17
5367.35023,4.02E-18
5369.207547,2.74E-17
5371.064863,4.70E-17
5372.92218,1.74E-17
5374.779496,8.01E-17
5376.636813,1.02E-16
5378.494129,2.37E-17
5380.351445,1.14E-17
5382.208762,-2.10E-18
5384.066078,4.94E-17
5385.923395,7.62E-17
5387.780711,4.39E-17
5389.638028,1.97E-17
5391.495344,5.28E-18
5393.352661,-4.46E-17
5395.209977,2.74E-17
5397.067294,5.58E-17
5398.92461,7.16E-18
5400.781927,4.51E-17
5402.639243,9.39E-17
5404.49656,8.53E-17
5406.353876,1.30E-16
5408.211192,1.17E-16
5410.068509,1.17E-16
5411.925825,1.32E-16
5413.783142,9.79E-17
5415.640458,7.76E-17
5417.497775,6.23E-17
5419.355091,4.64E-17
5421.212408,2.46E-17
5423.069724,4.76E-17
5424.927041,8.50E-17
5426.784357,5.14E-17
5428.641674,7.23E-17
5430.49899,4.67E-17
5432.356307,1.58E-17
5434.213623,1.59E-17
5436.070939,4.80E-17
5437.928256,4.55E-17
5439.785572,3.69E-17
5441.642889,3.02E-17
5443.500205,2.47E-17
5445.357522,3.61E-17
5447.214838,6.15E-17
5449.072155,3.95E-17
5450.929471,2.73E-17
5452.786788,1.18E-17
5454.644104,1.27E-17
5456.501421,9.23E-18
5458.358737,-2.07E-18
5460.216054,-3.00E-17
5462.07337,9.38E-18
5463.930686,-2.88E-17
5465.788003,-2.41E-17
5467.645319,2.84E-17
5469.502636,2.26E-17
5471.359952,5.89E-17
5473.217269,8.73E-17
5475.074585,4.16E-17
5476.931902,3.84E-17
5478.789218,4.23E-17
5480.646535,1.84E-17
5482.503851,1.77E-17
5484.361168,2.05E-18
5486.218484,3.17E-17
5488.075801,5.04E-17
5489.933117,2.65E-17
5491.790433,5.46E-17
5493.64775,3.03E-17
5495.505066,8.00E-18
5497.362383,7.63E-18
5499.219699,3.49E-17
5501.077016,3.11E-17
5502.934332,5.04E-17
5504.791649,6.44E-17
5506.648965,4.30E-17
5508.506282,5.27E-17
5510.363598,5.10E-17
5512.220915,3.01E-17
5514.078231,7.67E-17
5515.935548,4.03E-17
5517.792864,5.45E-17
5519.65018,5.33E-17
5521.507497,3.59E-17
5523.364813,3.89E-17
5525.22213,1.96E-17
5527.079446,3.42E-17
5528.936763,-2.84E-17
5530.794079,-3.28E-18
5532.651396,2.02E-17
5534.508712,6.08E-18
5536.366029,1.18E-16
5538.223345,1.07E-16
5540.080662,5.06E-17
5541.937978,5.24E-17
5543.795295,-8.21E-17
5545.652611,1.02E-16
5547.509927,1.58E-16
5549.367244,6.33E-17
5551.22456,3.36E-17
5553.081877,-6.25E-18
5554.939193,1.69E-16
5556.79651,3.46E-16
5558.653826,-2.45E-17
5560.511143,-9.78E-17
5562.368459,3.94E-17
5564.225776,1.90E-16
5566.083092,1.32E-16
5567.940409,7.55E-17
5569.797725,1.64E-17
5571.655042,1.11E-17
5573.512358,8.73E-17
5575.369674,1.20E-16
5577.226991,-5.21E-17
5579.084307,-2.85E-16
5580.941624,-2.49E-16
5582.79894,-2.00E-16
5584.656257,1.55E-16
5586.513573,1.50E-16
5588.37089,2.20E-17
5590.228206,1.09E-16
5592.085523,1.16E-16
5593.942839,7.21E-17
5595.800156,1.28E-16
5597.657472,2.52E-17
5599.514789,-1.86E-17
5601.372105,-3.65E-19
5603.229421,-8.34E-17
5605.086738,-7.37E-17
5606.944054,8.44E-20
5608.801371,-6.34E-17
5610.658687,7.69E-17
5612.516004,9.76E-17
5614.37332,3.29E-16
5616.230637,5.97E-16
5618.087953,3.26E-16
5619.94527,2.54E-16
5621.802586,1.65E-16
5623.659903,2.91E-17
5625.517219,1.80E-16
5627.374536,3.84E-16
5629.231852,7.97E-17
5631.089168,1.64E-16
5632.946485,2.11E-16
5634.803801,1.56E-16
5636.661118,-1.65E-17
5638.518434,1.20E-16
5640.375751,5.39E-18
5642.233067,-1.99E-16
5644.090384,9.03E-17
5645.9477,-1.14E-17
5647.805017,-9.47E-17
5649.662333,1.60E-16
5651.51965,2.05E-16
5653.376966,3.45E-17
5655.234283,-4.12E-17
5657.091599,1.38E-16
5658.948915,5.47E-17
5660.806232,1.64E-18
5662.663548,-3.04E-17
5664.520865,-3.87E-17
5666.378181,-3.28E-17
5668.235498,-1.72E-16
5670.092814,5.97E-17
5671.950131,2.26E-17
5673.807447,-1.33E-16
5675.664764,-1.52E-16
5677.52208,-2.26E-17
5679.379397,1.97E-16
5681.236713,-1.31E-17
5683.09403,-3.35E-17
5684.951346,-6.01E-17
5686.808662,-6.21E-17
5688.665979,-3.58E-16
5690.523295,-3.70E-17
5692.380612,-1.87E-17
5694.237928,-3.17E-17
5696.095245,3.84E-17
5697.952561,9.86E-18
5699.809878,-5.81E-17
5701.667194,8.18E-17
5703.524511,1.88E-16
5705.381827,-1.40E-16
5707.239144,1.58E-16
5709.09646,-5.54E-17
5710.953777,1.82E-17
5712.811093,2.12E-16
5714.668409,2.48E-16
5716.525726,-1.29E-16
5718.383042,-8.79E-17
5720.240359,5.45E-17
5722.097675,-1.13E-16
5723.954992,1.53E-16
5725.812308,1.49E-16
5727.669625,-6.29E-17
5729.526941,4.60E-17
5731.384258,-7.00E-18
5733.241574,1.04E-16
5735.098891,2.49E-16
5736.956207,2.09E-16
5738.813524,-3.97E-17
5740.67084,-2.32E-17
5742.528156,-2.02E-16
5744.385473,-3.76E-17
5746.242789,-9.18E-17
5748.100106,-8.79E-17
5749.957422,-6.86E-17
5751.814739,-6.86E-17
5753.672055,-9.95E-17
5755.529372,3.03E-16
5757.386688,5.76E-16
5759.244005,3.62E-16
5761.101321,1.03E-16
5762.958638,1.85E-17
5764.815954,-1.69E-16
5766.673271,2.48E-16
5768.530587,-2.71E-16
5770.387903,-4.93E-17
5772.24522,-5.98E-17
5774.102536,2.91E-16
5775.959853,3.47E-16
5777.817169,1.52E-16
5779.674486,-9.81E-17
5781.531802,4.90E-17
5783.389119,1.99E-17
5785.246435,1.23E-17
5787.103752,3.17E-16
5788.961068,8.12E-17
5790.818385,6.19E-17
5792.675701,8.88E-17
5794.533018,8.88E-17
5796.390334,8.88E-17
5798.24765,2.45E-16
5800.104967,9.65E-17
5801.962283,1.04E-16
5803.8196,1.12E-16
5805.676916,2.31E-16
5807.534233,1.35E-16
5809.391549,1.35E-16
5811.248866,1.58E-16
5813.106182,1.66E-16
5814.963499,1.66E-16
5816.820815,1.73E-16
5818.678132,3.60E-17
5820.535448,1.43E-16
5822.392765,4.29E-17
5824.250081,1.35E-16
5826.107397,-2.62E-17
5827.964714,-2.62E-17
5829.82203,-2.75E-18
5831.679347,-3.38E-17
5833.536663,1.23E-17
5835.39398,-2.60E-17
5837.251296,-2.62E-17
5839.108613,5.31E-17
5840.965929,-5.68E-17
5842.823246,5.34E-18
5844.680562,2.15E-17
5846.537879,5.31E-17
5848.395195,4.48E-17
5850.252512,7.73E-18
5852.109828,-3.70E-18
5853.967144,1.38E-17
5855.824461,-7.30E-19
5857.681777,1.97E-17
5859.539094,1.55E-17
5861.39641,1.04E-17
5863.253727,6.19E-17
5865.111043,-5.78E-18
5866.96836,2.51E-17
5868.825676,1.42E-16
5870.682993,2.56E-16
5872.540309,3.64E-16
5874.397626,4.39E-16
5876.254942,4.21E-16
5878.112259,2.81E-16
5879.969575,1.46E-16
5881.826891,9.71E-17
5883.684208,2.75E-17
5885.541524,3.20E-17
5887.398841,3.01E-17
5889.256157,1.71E-17
5891.113474,6.11E-17
5892.97079,1.23E-16
5894.828107,9.60E-17
5896.685423,5.63E-17
5898.54274,3.98E-17
5900.400056,9.52E-18
5902.257373,-1.80E-17
5904.114689,4.10E-17
5905.972006,3.15E-17
5907.829322,4.93E-17
5909.686638,9.36E-17
5911.543955,2.35E-17
5913.401271,7.08E-18
5915.258588,1.15E-17
5917.115904,7.69E-18
5918.973221,-3.03E-18
5920.830537,-1.35E-18
5922.687854,3.51E-17
5924.54517,2.84E-17
5926.402487,1.17E-18
5928.259803,1.17E-17
5930.11712,4.11E-17
5931.974436,2.84E-17
5933.831753,4.49E-17
5935.689069,4.78E-17
5937.546385,3.12E-17
5939.403702,6.68E-18
5941.261018,-3.17E-17
5943.118335,2.03E-17
5944.975651,3.30E-17
5946.832968,6.61E-18
5948.690284,2.49E-17
5950.547601,6.74E-17
5952.404917,7.19E-17
5954.262234,3.33E-17
5956.11955,-3.57E-18
5957.976867,-6.18E-18
5959.834183,9.25E-18
5961.6915,8.43E-18
5963.548816,2.74E-18
5965.406132,4.40E-17
5967.263449,1.02E-16
5969.120765,1.35E-16
5970.978082,1.84E-16
5972.835398,1.10E-16
5974.692715,3.99E-17
5976.550031,3.04E-17
5978.407348,2.50E-17
5980.264664,5.28E-17
5982.121981,7.07E-17
5983.979297,1.75E-17
5985.836614,6.58E-18
5987.69393,6.19E-17
5989.551247,2.28E-17
5991.408563,2.88E-17
5993.265879,3.36E-17
5995.123196,2.51E-17
5996.980512,3.98E-17
5998.837829,6.35E-17
6000.695145,5.97E-17
6002.552462,4.04E-17
6004.409778,2.66E-17
6006.267095,4.10E-17
6008.124411,7.30E-17
6009.981728,5.82E-17
6011.839044,3.53E-17
6013.696361,2.47E-17
6015.553677,1.22E-17
6017.410994,1.35E-18
6019.26831,2.02E-17
6021.125626,2.43E-17
6022.982943,5.36E-17
6024.840259,7.31E-17
6026.697576,4.70E-17
6028.554892,7.27E-17
6030.412209,1.46E-16
6032.269525,1.45E-16
6034.126842,7.90E-17
6035.984158,4.79E-17
6037.841475,6.30E-17
6039.698791,5.48E-17
6041.556108,1.55E-17
6043.413424,4.22E-17
6045.270741,1.21E-16
6047.128057,1.09E-16
6048.985373,4.69E-17
6050.84269,1.70E-17
6052.700006,2.60E-17
6054.557323,3.76E-17
6056.414639,4.27E-17
6058.271956,5.44E-17
6060.129272,4.79E-17
6061.986589,3.24E-17
6063.843905,2.85E-17
6065.701222,2.85E-17
6067.558538,1.34E-17
6069.415855,2.51E-17
6071.273171,3.51E-17
6073.130488,3.24E-17
6074.987804,4.25E-17
6076.84512,5.50E-17
6078.702437,3.01E-17
6080.559753,3.09E-17
6082.41707,5.59E-17
6084.274386,5.71E-17
6086.131703,4.39E-17
6087.989019,3.23E-17
6089.846336,8.50E-18
6091.703652,1.20E-17
6093.560969,4.98E-17
6095.418285,5.58E-17
6097.275602,2.91E-17
6099.132918,3.06E-17
6100.990235,5.36E-17
6102.847551,5.29E-17
6104.704867,2.83E-17
6106.562184,2.45E-17
6108.4195,1.96E-17
6110.276817,1.32E-17
6112.134133,1.92E-17
6113.99145,3.56E-17
6115.848766,5.14E-17
6117.706083,8.30E-17
6119.563399,1.03E-16
6121.420716,8.94E-17
6123.278032,5.50E-17
6125.135349,2.60E-17
6126.992665,3.37E-17
6128.849982,3.46E-17
6130.707298,2.84E-17
6132.564614,3.21E-17
6134.421931,2.40E-17
6136.279247,2.37E-17
6138.136564,1.74E-17
6139.99388,9.89E-18
6141.851197,1.53E-17
6143.708513,2.69E-17
6145.56583,3.02E-17
6147.423146,2.46E-17
6149.280463,3.27E-17
6151.137779,4.21E-17
6152.995096,3.61E-17
6154.852412,6.15E-17
6156.709729,4.23E-17
6158.567045,1.95E-17
6160.424361,2.60E-17
6162.281678,1.57E-17
6164.138994,-2.14E-17
6165.996311,-2.16E-17
6167.853627,1.79E-17
6169.710944,5.08E-17
6171.56826,4.60E-17
6173.425577,2.37E-17
6175.282893,3.01E-17
6177.14021,3.65E-17
6178.997526,2.73E-17
6180.854843,1.71E-17
6182.712159,1.20E-17
6184.569476,1.50E-17
6186.426792,2.43E-17
6188.284108,2.56E-17
6190.141425,1.93E-17
6191.998741,2.72E-17
6193.856058,5.20E-17
6195.713374,5.49E-17
6197.570691,4.51E-17
6199.428007,3.26E-17
6201.285324,1.71E-17
6203.14264,3.36E-17
6204.999957,2.20E-17
6206.857273,-8.82E-18
6208.71459,1.06E-17
6210.571906,7.15E-17
6212.429223,6.02E-17
6214.286539,3.86E-17
6216.143855,3.97E-17
6218.001172,3.10E-17
6219.858488,4.90E-18
6221.715805,1.55E-17
6223.573121,4.39E-17
6225.430438,6.44E-17
6227.287754,6.79E-17
6229.145071,6.29E-17
6231.002387,5.38E-17
6232.859704,1.81E-17
6234.71702,1.30E-17
6236.574337,3.37E-17
6238.431653,3.37E-17
6240.28897,1.11E-17
6242.146286,2.12E-18
6244.003602,2.98E-17
6245.860919,4.63E-17
6247.718235,3.43E-17
6249.575552,3.34E-17
6251.432868,3.92E-17
6253.290185,4.89E-17
6255.147501,4.63E-17
6257.004818,3.55E-17
6258.862134,3.07E-17
6260.719451,2.14E-17
6262.576767,2.53E-17
6264.434084,4.11E-17
6266.2914,4.69E-17
6268.148717,3.19E-17
6270.006033,1.62E-17
6271.863349,2.36E-17
6273.720666,3.35E-17
6275.577982,3.39E-17
6277.435299,2.99E-17
6279.292615,2.10E-17
6281.149932,1.14E-17
6283.007248,2.76E-17
6284.864565,3.69E-17
6286.721881,1.47E-17
6288.579198,6.62E-18
6290.436514,4.46E-17
6292.293831,6.84E-17
6294.151147,5.26E-17
6296.008464,4.93E-17
6297.86578,8.19E-17
6299.723096,6.39E-17
6301.580413,6.61E-17
6303.437729,6.72E-17
6305.295046,6.51E-17
6307.152362,1.05E-16
6309.009679,1.53E-16
6310.866995,1.81E-16
6312.724312,1.77E-16
6314.581628,1.72E-16
6316.438945,1.58E-16
6318.296261,8.44E-17
6320.153578,7.29E-17
6322.010894,9.54E-17
6323.868211,1.05E-16
6325.725527,8.46E-17
6327.582843,4.01E-17
6329.44016,7.45E-17
6331.297476,9.90E-17
6333.154793,8.99E-17
6335.012109,9.89E-17
6336.869426,1.29E-16
6338.726742,1.43E-16
6340.584059,1.30E-16
6342.441375,9.24E-17
6344.298692,4.86E-17
6346.156008,2.09E-17
6348.013325,1.71E-17
6349.870641,3.56E-17
6351.727958,4.28E-17
6353.585274,3.14E-17
6355.44259,3.10E-17
6357.299907,4.74E-17
6359.157223,3.76E-17
6361.01454,2.14E-17
6362.871856,3.36E-17
6364.729173,4.70E-17
6366.586489,1.59E-17
6368.443806,3.51E-17
6370.301122,5.35E-17
6372.158439,3.96E-17
6374.015755,9.15E-18
6375.873072,-3.08E-17
6377.730388,-1.55E-17
6379.587705,1.41E-17
6381.445021,2.11E-17
6383.302337,2.50E-17
6385.159654,4.84E-17
6387.01697,5.60E-17
6388.874287,4.42E-17
6390.731603,5.06E-17
6392.58892,7.03E-17
6394.446236,6.98E-17
6396.303553,7.92E-17
6398.160869,6.18E-17
6400.018186,4.59E-17
6401.875502,3.65E-17
6403.732819,1.81E-17
6405.590135,3.62E-17
6407.447452,4.45E-17
6409.304768,4.86E-17
6411.162084,4.99E-17
6413.019401,4.61E-17
6414.876717,6.04E-17
6416.734034,5.22E-17
6418.59135,5.49E-17
6420.448667,5.61E-17
6422.305983,2.13E-17
6424.1633,-1.38E-18
6426.020616,6.65E-17
6427.877933,8.48E-17
6429.735249,5.84E-17
6431.592566,5.14E-17
6433.449882,3.32E-17
6435.307199,3.47E-17
6437.164515,3.97E-17
6439.021831,4.83E-17
6440.879148,5.49E-17
6442.736464,5.09E-17
6444.593781,6.22E-17
6446.451097,4.39E-17
6448.308414,3.23E-17
6450.16573,4.01E-17
6452.023047,3.50E-17
6453.880363,3.70E-17
6455.73768,3.03E-17
6457.594996,3.43E-17
6459.452313,6.71E-17
6461.309629,9.19E-17
6463.166946,5.70E-17
6465.024262,2.91E-17
6466.881578,1.44E-17
6468.738895,1.04E-17
6470.596211,2.91E-17
6472.453528,6.06E-17
6474.310844,6.80E-17
6476.168161,5.83E-17
6478.025477,4.82E-17
6479.882794,4.56E-17
6481.74011,4.62E-17
6483.597427,3.55E-17
6485.454743,5.20E-17
6487.31206,5.20E-17
6489.169376,3.17E-17
6491.026693,4.09E-17
6492.884009,2.47E-17
6494.741325,1.05E-17
6496.598642,2.33E-17
6498.455958,4.88E-17
6500.313275,5.68E-17
6502.170591,4.25E-17
6504.027908,3.00E-17
6505.885224,2.12E-17
6507.742541,2.25E-17
6509.599857,3.39E-17
6511.457174,3.27E-17
6513.31449,3.47E-17
6515.171807,1.52E-17
6517.029123,1.16E-17
6518.88644,5.44E-17
6520.743756,8.27E-17
6522.601072,7.21E-17
6524.458389,5.53E-17
6526.315705,5.45E-17
6528.173022,6.77E-17
6530.030338,8.06E-17
6531.887655,6.75E-17
6533.744971,5.15E-17
6535.602288,5.26E-17
6537.459604,5.71E-17
6539.316921,9.99E-17
6541.174237,3.20E-16
6543.031554,6.49E-16
6544.88887,8.86E-16
6546.746187,9.87E-16
6548.603503,1.01E-15
6550.460819,8.46E-16
6552.318136,4.37E-16
6554.175452,7.56E-16
6556.032769,3.47E-15
6557.890085,8.06E-15
6559.747402,1.11E-14
6561.604718,1.21E-14
6563.462035,1.19E-14
6565.319351,9.27E-15
6567.176668,4.49E-15
6569.033984,1.12E-15
6570.891301,1.67E-16
6572.748617,1.28E-16
6574.605934,1.98E-16
6576.46325,7.38E-16
6578.320566,1.81E-15
6580.177883,2.56E-15
6582.035199,2.83E-15
6583.892516,2.78E-15
6585.749832,2.25E-15
6587.607149,1.13E-15
6589.464465,3.14E-16
6591.321782,8.04E-17
6593.179098,8.79E-17
6595.036415,7.50E-17
6596.893731,7.39E-17
6598.751048,6.66E-17
6600.608364,5.33E-17
6602.465681,5.63E-17
6604.322997,7.53E-17
6606.180313,7.12E-17
6608.03763,2.83E-17
6609.894946,4.08E-17
6611.752263,4.44E-17
6613.609579,2.54E-17
6615.466896,2.97E-17
6617.324212,4.62E-17
6619.181529,7.02E-17
6621.038845,7.25E-17
6622.896162,5.20E-17
6624.753478,4.48E-17
6626.610795,6.64E-17
6628.468111,6.16E-17
6630.325428,4.84E-17
6632.182744,3.71E-17
6634.04006,3.54E-17
6635.897377,5.40E-17
6637.754693,6.58E-17
6639.61201,4.59E-17
6641.469326,3.05E-17
6643.326643,3.16E-17
6645.183959,2.64E-17
6647.041276,3.02E-17
6648.898592,4.00E-17
6650.755909,4.57E-17
6652.613225,4.04E-17
6654.470542,2.48E-17
6656.327858,1.21E-17
6658.185175,3.25E-17
6660.042491,4.90E-17
6661.899807,4.65E-17
6663.757124,4.48E-17
6665.61444,4.59E-17
6667.471757,3.55E-17
6669.329073,2.73E-17
6671.18639,6.51E-17
6673.043706,1.34E-16
6674.901023,1.63E-16
6676.758339,1.63E-16
6678.615656,1.72E-16
6680.472972,1.48E-16
6682.330289,8.40E-17
6684.187605,4.24E-17
6686.044922,2.96E-17
6687.902238,4.67E-17
6689.759554,7.84E-17
6691.616871,8.32E-17
6693.474187,5.01E-17
6695.331504,3.99E-17
6697.18882,4.96E-17
6699.046137,4.57E-17
6700.903453,3.31E-17
6702.76077,3.52E-17
6704.618086,3.77E-17
6706.475403,3.25E-17
6708.332719,8.75E-17
6710.190036,2.79E-16
6712.047352,5.37E-16
6713.904669,6.89E-16
6715.761985,7.68E-16
6717.619301,7.22E-16
6719.476618,4.96E-16
6721.333934,2.13E-16
6723.191251,1.24E-16
6725.048567,2.76E-16
6726.905884,4.64E-16
6728.7632,5.56E-16
6730.620517,5.70E-16
6732.477833,5.22E-16
6734.33515,3.40E-16
6736.192466,1.32E-16
6738.049783,3.50E-17
6739.907099,3.97E-17
6741.764416,4.98E-17
6743.621732,5.37E-17
6745.479048,3.39E-17
6747.336365,2.24E-17
6749.193681,3.07E-17
6751.050998,2.88E-17
6752.908314,6.69E-18
6754.765631,1.40E-17
6756.622947,3.67E-17
6758.480264,2.95E-17
6760.33758,1.00E-17
6762.194897,3.81E-17
6764.052213,5.07E-17
6765.90953,3.91E-17
6767.766846,2.64E-17
6769.624163,2.76E-17
6771.481479,3.79E-17
6773.338795,4.51E-17
6775.196112,6.55E-17
6777.053428,6.11E-17
6778.910745,3.25E-17
6780.768061,3.14E-17
6782.625378,2.99E-17
6784.482694,1.33E-17
6786.340011,-1.43E-18
6788.197327,-5.58E-19
6790.054644,1.18E-17
6791.91196,2.94E-17
6793.769277,3.74E-17
6795.626593,3.29E-17
6797.48391,3.12E-17
6799.341226,4.36E-17
6801.198542,5.85E-17
6803.055859,6.32E-17
6804.913175,4.63E-17
6806.770492,4.41E-17
6808.627808,6.10E-17
6810.485125,4.42E-17
6812.342441,4.60E-17
6814.199758,3.32E-17
6816.057074,2.36E-17
6817.914391,4.10E-17
6819.771707,4.28E-17
6821.629024,1.90E-17
6823.48634,4.45E-17
6825.343657,6.66E-17
6827.200973,4.53E-17
6829.058289,3.45E-17
6830.915606,2.75E-17
6832.772922,4.44E-17
6834.630239,6.29E-17
6836.487555,5.20E-17
6838.344872,3.02E-17
6840.202188,4.27E-17
6842.059505,4.17E-17
6843.916821,4.19E-17
6845.774138,4.12E-17
6847.631454,3.05E-17
6849.488771,4.81E-17
6851.346087,4.89E-17
6853.203404,3.68E-17
6855.06072,3.99E-17
6856.918036,5.55E-17
6858.775353,5.46E-17
6860.632669,4.73E-17
6862.489986,4.39E-17
6864.347302,4.35E-17
6866.204619,3.19E-17
6868.061935,1.23E-17
6869.919252,3.28E-17
6871.776568,5.54E-17
6873.633885,4.52E-17
6875.491201,2.33E-17
6877.348518,2.36E-17
6879.205834,2.43E-17
6881.063151,1.58E-17
6882.920467,2.96E-17
6884.777783,4.03E-17
6886.6351,1.91E-17
6888.492416,4.05E-17
6890.349733,5.09E-17
6892.207049,5.66E-17
6894.064366,5.96E-17
6895.921682,4.63E-17
6897.778999,4.17E-17
6899.636315,4.35E-17
6901.493632,4.91E-17
6903.350948,5.07E-17
6905.208265,4.33E-17
6907.065581,3.46E-17
6908.922898,3.33E-17
6910.780214,3.75E-17
6912.63753,5.14E-17
6914.494847,5.35E-17
6916.352163,2.28E-17
6918.20948,2.47E-17
6920.066796,2.87E-17
6921.924113,2.02E-17
6923.781429,2.12E-17
6925.638746,3.63E-17
6927.496062,3.79E-17
6929.353379,5.41E-17
6931.210695,5.17E-17
6933.068012,3.78E-17
6934.925328,5.07E-17
6936.782645,4.29E-17
6938.639961,3.29E-17
6940.497277,2.65E-17
6942.354594,1.57E-17
6944.21191,1.52E-17
6946.069227,4.66E-17
6947.926543,4.16E-17
6949.78386,2.85E-17
6951.641176,3.57E-17
6953.498493,4.76E-17
6955.355809,5.27E-17
6957.213126,6.32E-17
6959.070442,4.49E-17
6960.927759,2.91E-17
6962.785075,4.73E-17
6964.642392,5.42E-17
6966.499708,2.53E-17
6968.357024,3.47E-17
6970.214341,4.98E-17
6972.071657,4.39E-17
6973.928974,5.83E-17
6975.78629,5.89E-17
6977.643607,5.98E-17
6979.500923,5.71E-17
6981.35824,4.32E-17
6983.215556,3.86E-17
6985.072873,5.88E-17
6986.930189,2.29E-17
6988.787506,8.74E-18
6990.644822,3.61E-17
6992.502139,3.89E-17
6994.359455,3.28E-17
6996.216771,3.70E-17
6998.074088,4.86E-17
6999.931404,4.28E-17
7001.788721,2.86E-17
7003.646037,3.35E-17
7005.503354,-2.21E-17
7007.36067,-7.64E-17
7009.217987,-8.04E-17
7011.075303,-7.79E-17
7012.93262,-1.14E-16
7014.789936,-1.23E-16
7016.647253,-1.07E-16
7018.504569,-1.13E-17
7020.361886,9.21E-17
7022.219202,8.96E-17
7024.076518,1.41E-16
7025.933835,5.62E-17
7027.791151,-7.76E-18
7029.648468,4.27E-17
7031.505784,5.42E-17
7033.363101,3.91E-17
7035.220417,2.93E-17
7037.077734,3.10E-17
7038.93505,3.64E-17
7040.792367,4.03E-17
7042.649683,3.88E-17
7044.507,3.09E-17
7046.364316,3.45E-17
7048.221633,3.29E-17
7050.078949,1.94E-17
7051.936265,3.18E-17
7053.793582,5.23E-17
7055.650898,4.08E-17
7057.508215,3.69E-17
7059.365531,7.63E-17
7061.222848,1.15E-16
7063.080164,1.26E-16
7064.937481,1.16E-16
7066.794797,1.12E-16
7068.652114,9.44E-17
7070.50943,4.72E-17
7072.366747,5.04E-17
7074.224063,4.41E-17
7076.08138,3.05E-17
7077.938696,2.38E-17
7079.796012,1.86E-17
7081.653329,4.19E-17
7083.510645,3.56E-17
7085.367962,2.85E-17
7087.225278,3.61E-17
7089.082595,2.87E-17
7090.939911,1.34E-17
7092.797228,2.44E-17
7094.654544,4.62E-17
7096.511861,5.94E-17
7098.369177,5.03E-17
7100.226494,1.83E-17
7102.08381,2.81E-17
7103.941127,4.96E-17
7105.798443,4.37E-17
7107.655759,2.45E-17
7109.513076,2.83E-17
7111.370392,4.74E-17
7113.227709,5.48E-17
7115.085025,5.16E-17
7116.942342,4.01E-17
7118.799658,2.26E-17
7120.656975,3.81E-17
7122.514291,7.56E-17
7124.371608,8.40E-17
7126.228924,6.05E-17
7128.086241,1.27E-16
7129.943557,4.28E-16
7131.800874,7.52E-16
7133.65819,8.99E-16
7135.515506,9.30E-16
7137.372823,8.85E-16
7139.230139,5.73E-16
7141.087456,2.19E-16
7142.944772,7.00E-17
7144.802089,7.16E-17
7146.659405,5.80E-17
7148.516722,4.12E-17
7150.374038,4.01E-17
7152.231355,4.73E-17
7154.088671,5.34E-17
7155.945988,5.39E-17
7157.803304,4.84E-17
7159.660621,4.64E-17
7161.517937,4.39E-17
7163.375253,5.33E-17
7165.23257,5.73E-17
7167.089886,3.53E-17
7168.947203,4.87E-17
7170.804519,6.93E-17
7172.661836,7.10E-17
7174.519152,5.62E-17
7176.376469,4.27E-17
7178.233785,4.68E-17
7180.091102,5.53E-17
7181.948418,3.88E-17
7183.805735,1.63E-17
7185.663051,1.93E-17
7187.520368,2.97E-17
7189.377684,5.32E-17
7191.235,4.63E-17
7193.092317,3.70E-17
7194.949633,5.60E-17
7196.80695,5.25E-17
7198.664266,5.17E-17
7200.521583,3.71E-17
7202.378899,4.01E-17
7204.236216,5.55E-17
7206.093532,3.19E-17
7207.950849,5.42E-17
7209.808165,5.73E-17
7211.665482,4.44E-17
7213.522798,4.33E-17
7215.380115,3.52E-17
7217.237431,3.65E-17
7219.094747,4.00E-17
7220.952064,4.51E-17
7222.80938,4.43E-17
7224.666697,4.27E-17
7226.524013,6.86E-17
7228.38133,4.32E-17
7230.238646,2.45E-17
7232.095963,4.06E-17
7233.953279,3.93E-17
7235.810596,2.38E-17
7237.667912,4.05E-17
7239.525229,4.76E-17
7241.382545,2.87E-17
7243.239862,1.50E-17
7245.097178,1.54E-17
7246.954494,1.58E-17
7248.811811,5.74E-17
7250.669127,8.65E-17
7252.526444,5.43E-17
7254.38376,2.56E-17
7256.241077,3.38E-17
7258.098393,3.20E-17
7259.95571,2.74E-17
7261.813026,3.41E-17
7263.670343,3.71E-17
7265.527659,5.66E-17
7267.384976,4.55E-17
7269.242292,4.51E-17
7271.099609,4.81E-17
7272.956925,1.74E-17
7274.814241,4.33E-17
7276.671558,8.19E-17
7278.528874,3.03E-17
7280.386191,9.98E-18
7282.243507,1.05E-16
7284.100824,8.16E-17
7285.95814,4.59E-17
7287.815457,4.63E-17
7289.672773,5.00E-17
7291.53009,4.53E-17
7293.387406,5.53E-17
7295.244723,4.41E-17
7297.102039,4.16E-17
7298.959356,5.37E-17
7300.816672,5.36E-17
7302.673988,4.12E-17
7304.531305,5.03E-17
7306.388621,3.84E-17
7308.245938,5.02E-17
7310.103254,4.99E-17
7311.960571,-1.49E-17
7313.817887,6.59E-17
7315.675204,8.82E-17
7317.53252,6.82E-17
7319.389837,1.09E-16
7321.247153,1.43E-16
7323.10447,7.11E-17
7324.961786,6.47E-17
7326.819103,1.09E-16
7328.676419,1.33E-16
7330.533735,1.21E-16
7332.391052,6.99E-17
7334.248368,6.56E-17
7336.105685,4.57E-17
7337.963001,2.35E-18
7339.820318,8.89E-18
7341.677634,5.91E-17
7343.534951,4.54E-17
7345.392267,4.40E-18
7347.249584,-1.41E-19
7349.1069,3.22E-17
7350.964217,5.41E-17
7352.821533,3.81E-17
7354.67885,4.92E-17
7356.536166,5.64E-17
7358.393482,2.60E-17
7360.250799,6.69E-18
7362.108115,1.21E-17
7363.965432,1.06E-18
7365.822748,1.90E-17
7367.680065,5.48E-17
7369.537381,3.87E-17
7371.394698,1.88E-17
7373.252014,3.85E-17
7375.109331,4.32E-17
7376.966647,3.18E-17
7378.823964,4.65E-17
7380.68128,5.23E-17
7382.538597,4.42E-17
7384.395913,3.98E-17
7386.253229,3.76E-17
7388.110546,2.79E-17
7389.967862,1.78E-17
7391.825179,8.60E-18
7393.682495,3.73E-17
7395.539812,5.62E-17
7397.397128,4.03E-17
7399.254445,4.42E-17
7401.111761,2.51E-17
7402.969078,3.59E-17
7404.826394,6.26E-17
7406.683711,5.05E-17
7408.541027,1.46E-17
7410.398344,2.55E-17
7412.25566,3.90E-17
7414.112976,5.74E-17
7415.970293,6.99E-17
7417.827609,5.09E-17
7419.684926,5.21E-17
7421.542242,6.75E-17
7423.399559,6.72E-17
7425.256875,5.85E-17
7427.114192,6.61E-17
7428.971508,7.30E-17
7430.828825,5.24E-17
7432.686141,3.20E-17
7434.543458,2.99E-17
7436.400774,4.49E-17
7438.258091,7.53E-17
7440.115407,8.17E-17
7441.972723,6.12E-17
7443.83004,4.95E-17
7445.687356,5.82E-17
7447.544673,5.76E-17
7449.401989,5.08E-17
7451.259306,5.03E-17
7453.116622,3.64E-17
7454.973939,1.58E-17
7456.831255,2.37E-17
7458.688572,3.39E-17
7460.545888,3.94E-17
7462.403205,4.69E-17
7464.260521,4.42E-17
7466.117838,2.85E-17
7467.975154,4.19E-17
7469.83247,5.88E-17
7471.689787,6.94E-17
7473.547103,6.59E-17
7475.40442,3.58E-17
7477.261736,2.49E-18
7479.119053,4.21E-17
7480.976369,7.13E-17
7482.833686,6.29E-17
7484.691002,7.42E-17
7486.548319,9.46E-17
7488.405635,5.01E-17
7490.262952,4.41E-17
7492.120268,5.41E-17
7493.977585,3.33E-17
7495.834901,4.94E-17
7497.692217,5.38E-17
7499.549534,4.79E-17
7501.40685,3.43E-17
7503.264167,2.69E-17
7505.121483,4.06E-17
7506.9788,3.91E-17
7508.836116,2.77E-17
7510.693433,2.53E-17
7512.550749,4.50E-17
7514.408066,8.23E-17
7516.265382,1.12E-16
7518.122699,1.09E-16
7519.980015,7.68E-17
7521.837332,4.32E-17
7523.694648,3.86E-17
7525.551964,6.21E-17
7527.409281,7.05E-17
7529.266597,6.11E-17
7531.123914,4.78E-17
7532.98123,5.06E-17
7534.838547,7.85E-17
7536.695863,7.08E-17
7538.55318,2.14E-17
7540.410496,7.71E-18
7542.267813,4.42E-17
7544.125129,4.95E-17
7545.982446,5.02E-17
7547.839762,5.98E-17
7549.697079,4.17E-17
7551.554395,1.65E-17
7553.411711,4.45E-17
7555.269028,6.28E-17
7557.126344,5.78E-17
7558.983661,4.86E-17
7560.840977,4.16E-17
7562.698294,2.72E-17
7564.55561,1.70E-17
7566.412927,4.33E-17
7568.270243,2.23E-17
7570.12756,-7.36E-18
7571.984876,4.69E-17
7573.842193,8.36E-17
7575.699509,4.27E-17
7577.556826,1.46E-17
7579.414142,3.45E-17
7581.271458,5.36E-17
7583.128775,5.33E-17
7584.986091,4.03E-17
7586.843408,5.16E-17
7588.700724,7.09E-17
7590.558041,7.53E-17
7592.415357,8.13E-17
7594.272674,6.96E-17
7596.12999,4.04E-17
7597.987307,2.39E-17
7599.844623,2.40E-17
7601.70194,1.76E-17
7603.559256,1.91E-17
7605.416573,3.59E-20
7607.273889,-4.95E-18
7609.131205,1.01E-17
7610.988522,1.02E-17
7612.845838,2.01E-17
7614.703155,2.14E-17
7616.560471,3.76E-18
7618.417788,-1.81E-17
7620.275104,-2.38E-17
7622.132421,-2.32E-17
7623.989737,-7.04E-17
7625.847054,-5.79E-17
7627.70437,-7.54E-18
7629.561687,-1.00E-17
7631.419003,-1.36E-17
7633.27632,-1.11E-17
7635.133636,-4.35E-17
7636.990952,-6.27E-17
7638.848269,-3.37E-17
7640.705585,-2.25E-17
7642.562902,-3.14E-17
7644.420218,-1.07E-17
7646.277535,1.59E-17
7648.134851,2.03E-17
7649.992168,2.58E-17
7651.849484,2.66E-17
7653.706801,2.68E-17
7655.564117,3.62E-17
7657.421434,5.02E-17
7659.27875,5.47E-17
7661.136067,4.90E-17
7662.993383,2.91E-17
7664.850699,1.63E-17
7666.708016,3.18E-17
7668.565332,5.36E-17
7670.422649,3.70E-17
7672.279965,3.55E-17
7674.137282,4.20E-17
7675.994598,4.08E-17
7677.851915,4.16E-17
7679.709231,4.94E-17
7681.566548,5.25E-17
7683.423864,5.09E-17
7685.281181,5.25E-17
7687.138497,4.97E-17
7688.995814,3.42E-17
7690.85313,4.13E-17
7692.710446,4.03E-17
7694.567763,4.96E-17
7696.425079,7.33E-17
7698.282396,6.98E-17
7700.139712,5.76E-17
7701.997029,2.42E-17
7703.854345,9.36E-18
7705.711662,1.62E-17
7707.568978,1.58E-17
7709.426295,4.88E-17
7711.283611,7.77E-17
7713.140928,7.76E-17
7714.998244,6.73E-17
7716.855561,6.33E-17
7718.712877,5.22E-17
7720.570193,6.93E-17
7722.42751,7.26E-17
7724.284826,6.18E-17
7726.142143,5.57E-17
7727.999459,3.10E-17
7729.856776,4.46E-17
7731.714092,3.62E-17
7733.571409,1.28E-17
7735.428725,1.59E-17
7737.286042,2.74E-17
7739.143358,5.33E-17
7741.000675,1.31E-17
7742.857991,1.34E-17
7744.715308,1.21E-16
7746.572624,2.19E-16
7748.42994,2.83E-16
7750.287257,3.17E-16
7752.144573,2.89E-16
7754.00189,2.15E-16
7755.859206,1.44E-16
7757.716523,6.46E-17
7759.573839,4.01E-17
7761.431156,3.72E-17
7763.288472,3.53E-17
7765.145789,5.21E-17
7767.003105,6.31E-17
7768.860422,8.21E-17
7770.717738,6.78E-17
7772.575055,4.74E-17
7774.432371,3.86E-17
7776.289687,3.01E-18
7778.147004,9.61E-17
7780.00432,1.47E-16
7781.861637,8.73E-17
7783.718953,4.93E-17
7785.57627,9.06E-17
7787.433586,5.32E-17
7789.290903,5.08E-17
7791.148219,6.82E-17
7793.005536,4.78E-17
7794.862852,3.99E-17
7796.720169,3.30E-17
7798.577485,3.23E-17
7800.434802,4.27E-17
7802.292118,5.05E-17
7804.149434,4.18E-17
7806.006751,3.52E-17
7807.864067,5.68E-17
7809.721384,5.56E-17
7811.5787,4.77E-17
7813.436017,5.63E-17
7815.293333,7.96E-18
7817.15065,3.79E-17
7819.007966,6.63E-17
7820.865283,5.21E-17
7822.722599,5.44E-17
7824.579916,6.46E-17
7826.437232,3.68E-17
7828.294549,5.15E-17
7830.151865,6.99E-17
7832.009181,4.14E-17
7833.866498,3.42E-17
7835.723814,2.32E-17
7837.581131,4.60E-17
7839.438447,5.49E-17
7841.295764,2.64E-17
7843.15308,4.00E-17
7845.010397,9.84E-17
7846.867713,1.05E-17
7848.72503,3.21E-17
7850.582346,1.76E-16
7852.439663,1.12E-16
7854.296979,-1.01E-17
7856.154296,4.00E-17
7858.011612,3.98E-17
7859.868928,-1.20E-17
7861.726245,6.27E-17
7863.583561,6.08E-17
7865.440878,2.57E-17
7867.298194,3.84E-17
7869.155511,6.64E-17
7871.012827,4.18E-17
7872.870144,1.06E-18
7874.72746,2.87E-17
7876.584777,6.10E-17
7878.442093,6.38E-17
7880.29941,6.98E-17
7882.156726,7.68E-17
7884.014043,2.80E-17
7885.871359,1.49E-17
7887.728675,4.97E-17
7889.585992,5.72E-17
7891.443308,2.93E-17
7893.300625,6.26E-17
7895.157941,6.61E-17
7897.015258,6.00E-17
7898.872574,7.34E-17
7900.729891,6.44E-17
7902.587207,4.95E-17
7904.444524,5.86E-17
7906.30184,2.31E-17
7908.159157,1.74E-17
7910.016473,9.99E-17
7911.87379,6.37E-17
7913.731106,-7.67E-18
7915.588422,6.55E-17
7917.445739,9.79E-17
7919.303055,-2.06E-17
7921.160372,3.11E-17
7923.017688,7.22E-17
7924.875005,5.33E-17
7926.732321,3.78E-17
7928.589638,5.13E-17
7930.446954,4.99E-17
7932.304271,2.21E-17
7934.161587,2.86E-17
7936.018904,4.07E-17
7937.87622,3.03E-17
7939.733537,3.53E-17
7941.590853,3.70E-17
7943.448169,2.98E-17
7945.305486,3.43E-17
7947.162802,5.00E-17
7949.020119,5.48E-17
7950.877435,5.52E-17
7952.734752,5.71E-17
7954.592068,4.69E-17
7956.449385,1.74E-17
7958.306701,3.59E-18
7960.164018,5.51E-17
7962.021334,1.17E-16
7963.878651,1.31E-16
7965.735967,9.40E-17
7967.593284,4.28E-17
7969.4506,1.91E-17
7971.307916,5.34E-17
7973.165233,5.41E-17
7975.022549,2.70E-17
7976.879866,2.22E-17
7978.737182,1.89E-17
7980.594499,4.18E-17
7982.451815,6.85E-17
7984.309132,6.63E-17
7986.166448,5.50E-17
7988.023765,6.50E-17
7989.881081,3.99E-17
7991.738398,-7.58E-18
7993.595714,-9.36E-20
7995.453031,3.27E-17
7997.310347,2.42E-17
7999.167663,6.90E-17
8001.02498,7.88E-17
8002.882296,6.11E-17
8004.739613,4.74E-17
8006.596929,3.59E-17
8008.454246,4.03E-17
8010.311562,2.74E-17
8012.168879,4.14E-17
8014.026195,6.04E-17
8015.883512,3.94E-17
8017.740828,2.62E-17
8019.598145,2.87E-17
8021.455461,2.98E-17
8023.312778,1.14E-18
8025.170094,-7.00E-17
8027.02741,-1.56E-16
8028.884727,-1.97E-16
8030.742043,-1.50E-16
8032.59936,-4.40E-17
8034.456676,4.06E-17
8036.313993,6.04E-17
8038.171309,6.53E-17
8040.028626,6.61E-17
8041.885942,5.76E-17
8043.743259,5.38E-17
8045.600575,6.62E-17
8047.457892,6.26E-17
8049.315208,4.05E-17
8051.172525,4.44E-17
8053.029841,6.22E-17
8054.887157,5.48E-17
8056.744474,5.39E-17
8058.60179,5.45E-17
8060.459107,5.35E-17
8062.316423,5.11E-17
8064.17374,4.88E-17
8066.031056,5.34E-17
8067.888373,6.87E-17
8069.745689,6.42E-17
8071.603006,5.53E-17
8073.460322,6.73E-17
8075.317639,7.54E-17
8077.174955,5.67E-17
8079.032272,2.97E-17
8080.889588,3.04E-17
8082.746904,4.78E-17
8084.604221,4.87E-17
8086.461537,6.95E-17
8088.318854,6.14E-17
8090.17617,4.21E-17
8092.033487,4.52E-17
8093.890803,5.12E-17
8095.74812,4.01E-17
8097.605436,5.23E-17
8099.462753,5.34E-17
8101.320069,3.27E-17
8103.177386,2.83E-17
8105.034702,4.28E-17
8106.892019,6.98E-17
8108.749335,6.99E-17
8110.606651,5.35E-17
8112.463968,5.86E-17
8114.321284,6.80E-17
8116.178601,3.78E-17
8118.035917,1.95E-17
8119.893234,5.06E-17
8121.75055,8.15E-17
8123.607867,5.69E-17
8125.465183,5.30E-17
8127.3225,5.56E-17
8129.179816,6.29E-17
8131.037133,6.86E-17
8132.894449,4.94E-17
8134.751766,4.48E-17
8136.609082,6.02E-17
8138.466398,6.40E-17
8140.323715,4.78E-17
8142.181031,3.77E-17
8144.038348,4.11E-17
8145.895664,4.58E-17
8147.752981,3.84E-17
8149.610297,3.98E-17
8151.467614,5.72E-17
8153.32493,4.50E-17
8155.182247,4.08E-17
8157.039563,4.38E-17
8158.89688,3.88E-17
8160.754196,3.04E-17
8162.611513,3.27E-17
8164.468829,4.10E-17
8166.326145,3.95E-17
8168.183462,4.82E-17
8170.040778,6.47E-17
8171.898095,4.58E-17
8173.755411,2.68E-17
8175.612728,3.06E-17
8177.470044,4.07E-17
8179.327361,4.76E-17
8181.184677,6.21E-17
8183.041994,6.73E-17
8184.89931,6.21E-17
8186.756627,5.21E-17
8188.613943,3.97E-17
8190.47126,3.10E-17
8192.328576,3.72E-17
8194.185892,2.22E-17
8196.043209,4.19E-17
8197.900525,6.59E-17
8199.757842,4.12E-17
8201.615158,6.22E-17
8203.472475,4.97E-17
8205.329791,4.01E-17
8207.187108,5.61E-17
8209.044424,5.68E-17
8210.901741,4.16E-17
8212.759057,6.77E-17
8214.616374,9.56E-17
8216.47369,8.88E-17
8218.331007,5.79E-17
8220.188323,2.93E-17
8222.045639,2.62E-17
8223.902956,4.63E-17
8225.760272,5.50E-17
8227.617589,3.87E-17
8229.474905,2.82E-17
8231.332222,4.72E-17
8233.189538,7.86E-17
8235.046855,9.42E-17
8236.904171,8.98E-17
8238.761488,8.19E-17
8240.618804,7.25E-17
8242.476121,4.71E-17
8244.333437,3.02E-17
8246.190754,3.16E-17
8248.04807,3.43E-17
8249.905386,4.05E-17
8251.762703,5.36E-17
8253.620019,5.52E-17
8255.477336,4.22E-17
8257.334652,3.19E-17
8259.191969,3.34E-17
8261.049285,3.64E-17
8262.906602,4.23E-17
8264.763918,4.83E-17
8266.621235,5.19E-17
8268.478551,5.39E-17
8270.335868,4.06E-17
8272.193184,3.09E-17
8274.050501,4.32E-17
8275.907817,5.38E-17
8277.765133,3.17E-17
8279.62245,1.99E-17
8281.479766,2.43E-17
8283.337083,3.56E-17
8285.194399,3.78E-17
8287.051716,3.13E-17
8288.909032,4.22E-17
8290.766349,1.35E-17
8292.623665,-4.07E-18
8294.480982,4.43E-18
8296.338298,8.66E-18
8298.195615,5.21E-17
8300.052931,8.23E-17
8301.910248,4.76E-17
8303.767564,1.08E-17
8305.62488,4.65E-17
8307.482197,9.19E-17
8309.339513,5.60E-17
8311.19683,2.74E-17
8313.054146,4.26E-17
8314.911463,4.87E-17
8316.768779,3.14E-17
8318.626096,3.40E-17
8320.483412,4.91E-17
8322.340729,5.11E-17
8324.198045,4.23E-17
8326.055362,4.43E-17
8327.912678,4.81E-17
8329.769995,4.61E-17
8331.627311,3.08E-17
8333.484627,4.42E-17
8335.341944,7.56E-17
8337.19926,-1.63E-17
8339.056577,-3.26E-17
8340.913893,2.97E-17
8342.77121,7.15E-17
8344.628526,8.49E-17
8346.485843,9.83E-17
8348.343159,3.72E-17
8350.200476,-5.18E-18
8352.057792,1.16E-16
8353.915109,2.80E-16
8355.772425,1.85E-16
8357.629742,6.15E-17
8359.487058,5.26E-17
8361.344374,7.33E-17
8363.201691,4.34E-17
8365.059007,3.28E-17
8366.916324,4.13E-17
8368.77364,2.43E-17
8370.630957,3.31E-17
8372.488273,7.81E-17
8374.34559,7.15E-17
8376.202906,3.07E-17
8378.060223,-2.58E-18
8379.917539,1.86E-17
8381.774856,6.19E-17
8383.632172,6.06E-17
8385.489489,5.32E-17
8387.346805,6.64E-17
8389.204121,5.90E-17
8391.061438,2.64E-17
8392.918754,9.35E-18
8394.776071,8.26E-18
8396.633387,2.20E-17
8398.490704,5.61E-17
8400.34802,6.39E-17
8402.205337,3.76E-17
8404.062653,5.97E-17
8405.91997,7.35E-17
8407.777286,5.41E-17
8409.634603,4.48E-17
8411.491919,5.88E-17
8413.349236,4.88E-17
8415.206552,4.78E-17
8417.063868,9.02E-17
8418.921185,9.34E-17
8420.778501,3.32E-17
8422.635818,3.10E-17
8424.493134,1.08E-16
8426.350451,4.92E-17
8428.207767,8.36E-18
8430.065084,8.63E-17
8431.9224,9.94E-17
8433.779717,4.28E-17
8435.637033,8.75E-17
8437.49435,8.74E-17
8439.351666,4.10E-17
8441.208983,7.51E-17
8443.066299,3.09E-17
8444.923615,2.30E-17
8446.780932,1.13E-17
8448.638248,2.36E-17
8450.495565,7.90E-17
8452.352881,4.18E-17
8454.210198,4.28E-17
8456.067514,2.37E-17
8457.924831,2.58E-17
8459.782147,7.03E-17
8461.639464,2.83E-17
8463.49678,6.74E-18
8465.354097,7.57E-17
8467.211413,9.75E-17
8469.06873,4.50E-17
8470.926046,6.66E-17
8472.783362,5.83E-17
8474.640679,2.86E-17
8476.497995,9.56E-18
8478.355312,2.80E-17
8480.212628,6.37E-17
8482.069945,3.17E-17
8483.927261,3.02E-17
8485.784578,2.75E-17
8487.641894,2.18E-17
8489.499211,5.50E-17
8491.356527,5.44E-17
8493.213844,5.51E-17
8495.07116,4.90E-17
8496.928477,5.48E-17
8498.785793,8.10E-17
8500.643109,6.83E-17
8502.500426,4.80E-17
8504.357742,4.11E-17
8506.215059,4.21E-17
8508.072375,4.28E-17
8509.929692,4.17E-17
8511.787008,2.71E-17
8513.644325,2.98E-17
8515.501641,5.33E-17
8517.358958,5.97E-17
8519.216274,3.86E-17
8521.073591,5.35E-17
8522.930907,4.52E-17
8524.788224,3.40E-17
8526.64554,4.36E-17
8528.502856,4.26E-17
8530.360173,4.23E-17
8532.217489,3.74E-17
8534.074806,1.32E-17
8535.932122,8.48E-18
8537.789439,4.73E-17
8539.646755,5.50E-17
8541.504072,4.97E-17
8543.361388,5.21E-17
8545.218705,6.51E-17
8547.076021,7.67E-17
8548.933338,7.01E-17
8550.790654,5.36E-17
8552.647971,6.61E-17
8554.505287,6.05E-17
8556.362603,1.45E-17
8558.21992,1.71E-17
8560.077236,6.61E-17
8561.934553,5.86E-17
8563.791869,2.52E-17
8565.649186,2.21E-17
8567.506502,1.41E-17
8569.363819,1.33E-17
8571.221135,2.72E-17
8573.078452,4.33E-17
8574.935768,5.38E-17
8576.793085,5.55E-17
8578.650401,3.41E-17
8580.507718,3.18E-17
8582.365034,2.64E-17
8584.22235,2.03E-17
8586.079667,4.13E-17
8587.936983,4.48E-17
8589.7943,7.29E-18
8591.651616,1.90E-17
8593.508933,7.63E-17
8595.366249,9.91E-17
8597.223566,9.14E-17
8599.080882,6.84E-17
8600.938199,7.46E-17
8602.795515,6.92E-17
8604.652832,3.69E-17
8606.510148,4.97E-17
8608.367465,4.40E-17
8610.224781,9.70E-18
8612.082097,5.33E-18
8613.939414,4.42E-17
8615.79673,5.28E-17
8617.654047,-1.27E-18
8619.511363,-1.11E-17
8621.36868,1.44E-17
8623.225996,3.14E-17
8625.083313,3.84E-17
8626.940629,1.62E-18
8628.797946,1.05E-18
8630.655262,1.98E-17
8632.512579,1.34E-17
8634.369895,8.54E-18
8636.227212,4.51E-17
8638.084528,3.36E-17
8639.941844,2.74E-17
8641.799161,1.63E-17
8643.656477,-2.72E-17
8645.513794,-4.05E-18
8647.37111,2.56E-17
8649.228427,-1.13E-17
8651.085743,1.55E-18
8652.94306,7.99E-17
8654.800376,2.58E-17
8656.657693,-1.86E-17
8658.515009,7.01E-17
8660.372326,1.40E-16
8662.229642,7.99E-17
8664.086959,6.31E-17
8665.944275,2.13E-16
8667.801591,1.95E-16
8669.658908,6.36E-17
8671.516224,2.25E-17
8673.373541,4.40E-17
8675.230857,5.54E-17
8677.088174,6.30E-17
8678.94549,5.75E-17
8680.802807,4.07E-17
8682.660123,3.83E-17
8684.51744,4.92E-17
8686.374756,3.79E-17
8688.232073,2.44E-17
8690.089389,5.35E-17
8691.946706,8.89E-17
8693.804022,4.21E-17
8695.661338,2.59E-17
8697.518655,1.96E-17
8699.375971,1.67E-17
8701.233288,4.15E-17
8703.090604,6.02E-17
8704.947921,3.56E-17
8706.805237,3.22E-17
8708.662554,4.52E-17
8710.51987,4.15E-17
8712.377187,3.84E-17
8714.234503,3.31E-17
8716.09182,4.44E-17
8717.949136,5.45E-17
8719.806453,3.85E-17
8721.663769,1.79E-17
8723.521085,3.88E-17
8725.378402,3.79E-17
8727.235718,2.67E-17
8729.093035,3.60E-17
8730.950351,4.93E-17
8732.807668,4.45E-17
8734.664984,3.84E-17
8736.522301,4.22E-17
8738.379617,4.32E-17
8740.236934,3.57E-17
8742.09425,4.34E-17
8743.951567,7.47E-17
8745.808883,9.77E-17
8747.6662,1.08E-16
8749.523516,1.22E-16
8751.380832,1.26E-16
8753.238149,8.95E-17
8755.095465,4.49E-17
8756.952782,4.70E-17
8758.810098,7.15E-17
8760.667415,5.30E-17
8762.524731,5.86E-17
8764.382048,1.26E-16
8766.239364,1.07E-16
8768.096681,3.74E-17
8769.953997,7.93E-17
8771.811314,4.14E-17
8773.66863,-4.59E-17
8775.525947,5.66E-17
8777.383263,1.99E-16
8779.240579,1.02E-16
8781.097896,3.20E-17
8782.955212,3.14E-17
8784.812529,8.30E-18
8786.669845,1.17E-17
8788.527162,7.72E-17
8790.384478,5.47E-17
8792.241795,6.58E-17
8794.099111,7.87E-17
8795.956428,4.55E-17
8797.813744,1.11E-17
8799.671061,2.78E-17
8801.528377,3.58E-17
8803.385694,3.89E-17
8805.24301,4.36E-17
8807.100326,4.41E-17
8808.957643,4.88E-17
8810.814959,6.78E-17
8812.672276,4.15E-17
8814.529592,1.64E-17
8816.386909,5.04E-17
8818.244225,5.72E-17
8820.101542,-8.14E-17
8821.958858,-4.49E-17
8823.816175,8.80E-17
8825.673491,5.06E-17
8827.530808,-9.51E-17
8829.388124,-3.40E-17
8831.245441,-2.45E-17
8833.102757,-2.47E-17
8834.960073,5.14E-18
8836.81739,2.22E-17
8838.674706,9.00E-17
8840.532023,8.28E-17
8842.389339,3.15E-17
8844.246656,3.26E-17
8846.103972,7.22E-17
8847.961289,6.17E-17
8849.818605,7.30E-17
8851.675922,7.87E-17
8853.533238,5.64E-17
8855.390555,5.04E-17
8857.247871,1.01E-16
8859.105188,1.46E-16
8860.962504,1.34E-16
8862.81982,1.31E-16
8864.677137,1.33E-16
8866.534453,6.29E-17
8868.39177,1.93E-17
8870.249086,5.37E-17
8872.106403,4.07E-17
8873.963719,-6.19E-18
8875.821036,2.38E-17
8877.678352,2.14E-17
8879.535669,-4.46E-17
8881.392985,-4.13E-17
8883.250302,-8.73E-18
8885.107618,-1.93E-17
8886.964935,6.94E-17
8888.822251,1.40E-16
8890.679567,2.55E-18
8892.536884,-9.20E-17
8894.3942,5.02E-17
8896.251517,1.47E-16
8898.108833,2.32E-16
8899.96615,1.76E-16
8901.823466,4.63E-17
8903.680783,2.95E-17
8905.538099,1.07E-16
8907.395416,5.56E-17
8909.252732,3.70E-17
8911.110049,1.66E-18
8912.967365,-7.92E-17
8914.824682,-4.61E-17
8916.681998,5.74E-17
8918.539314,4.89E-17
8920.396631,6.62E-18
8922.253947,-7.60E-18
8924.111264,-2.31E-17
8925.96858,4.22E-17
8927.825897,7.84E-17
8929.683213,6.09E-17
8931.54053,3.38E-17
8933.397846,2.85E-17
8935.255163,3.44E-17
8937.112479,5.58E-18
8938.969796,1.65E-18
8940.827112,-1.95E-17
8942.684429,-7.04E-17
8944.541745,-2.26E-17
8946.399061,5.48E-17
8948.256378,6.66E-17
8950.113694,2.12E-17
8951.971011,3.59E-17
8953.828327,1.28E-16
8955.685644,4.70E-17
8957.54296,-3.36E-17
8959.400277,4.97E-17
8961.257593,1.28E-16
8963.11491,2.34E-17
8964.972226,1.90E-17
8966.829543,3.73E-17
8968.686859,3.85E-17
8970.544176,3.95E-17
8972.401492,3.28E-17
8974.258808,2.06E-17
8976.116125,3.86E-17
8977.973441,5.50E-17
8979.830758,3.76E-17
8981.688074,1.90E-17
8983.545391,3.77E-17
8985.402707,2.02E-18
8987.260024,-1.42E-17
8989.11734,2.19E-17
8990.974657,5.33E-17
8992.831973,4.15E-17
8994.68929,-1.44E-17
8996.546606,3.28E-17
8998.403923,1.25E-16
9000.261239,1.11E-16
9002.118555,4.04E-17
9003.975872,1.01E-16
9005.833188,7.74E-17
9007.690505,6.26E-17
9009.547821,1.41E-16
9011.405138,1.63E-16
9013.262454,1.71E-16
9015.119771,1.68E-16
9016.977087,1.57E-16
9018.834404,1.30E-16
9020.69172,8.10E-17
9022.549037,3.93E-17
9024.406353,2.56E-17
9026.26367,2.76E-17
9028.120986,2.55E-17
9029.978302,2.60E-17
9031.835619,4.80E-17
9033.692935,5.24E-17
9035.550252,5.57E-17
9037.407568,4.37E-17
9039.264885,3.15E-17
9041.122201,7.04E-17
9042.979518,3.65E-17
9044.836834,2.96E-17
9046.694151,5.87E-17
9048.551467,5.61E-17
9050.408784,4.19E-17
9052.2661,6.20E-17
9054.123417,7.38E-17
9055.980733,5.63E-17
9057.838049,1.68E-17
9059.695366,6.59E-17
9061.552682,4.90E-16
9063.409999,1.32E-15
9065.267315,2.09E-15
9067.124632,2.48E-15
9068.981948,2.54E-15
9070.839265,2.21E-15
9072.696581,1.36E-15
9074.553898,5.25E-16
9076.411214,1.21E-16
9078.268531,3.60E-17
9080.125847,3.54E-17
9081.983164,5.45E-17
9083.84048,4.73E-17
9085.697796,2.76E-17
9087.555113,4.14E-17
9089.412429,7.03E-17
9091.269746,3.49E-17
9093.127062,3.66E-17
9094.984379,1.47E-16
9096.841695,2.48E-16
9098.699012,1.98E-16
9100.556328,1.50E-16
9102.413645,7.67E-17
9104.270961,6.18E-17
9106.128278,1.01E-16
9107.985594,7.99E-17
9109.842911,7.81E-17
9111.700227,-1.52E-17
9113.557543,-1.06E-16
9115.41486,-6.88E-17
9117.272176,3.21E-17
9119.129493,5.32E-17
9120.986809,6.40E-17
9122.844126,6.68E-17
9124.701442,5.59E-17
9126.558759,5.25E-17
9128.416075,4.77E-17
9130.273392,3.55E-17
9132.130708,3.01E-17
9133.988025,4.67E-17
9135.845341,7.45E-17
9137.702658,8.37E-17
9139.559974,8.16E-17
9141.41729,1.65E-16
9143.274607,1.78E-16
9145.131923,6.81E-17
9146.98924,4.40E-17
9148.846556,2.96E-17
9150.703873,5.77E-19
9152.561189,5.03E-18
9154.418506,4.20E-17
9156.275822,5.20E-17
9158.133139,4.47E-17
9159.990455,4.84E-17
9161.847772,4.45E-17
9163.705088,2.45E-17
9165.562405,2.09E-17
9167.419721,5.04E-17
9169.277037,6.40E-17
9171.134354,2.55E-17
9172.99167,-7.92E-18
9174.848987,2.55E-17
9176.706303,7.51E-17
9178.56362,9.25E-17
9180.420936,6.29E-17
9182.278253,4.30E-17
9184.135569,6.22E-17
9185.992886,6.73E-17
9187.850202,6.57E-17
9189.707519,6.73E-17
9191.564835,6.21E-17
9193.422152,5.70E-17
9195.279468,6.16E-17
9197.136784,3.19E-17
9198.994101,1.09E-16
9200.851417,1.40E-16
9202.708734,6.33E-17
9204.56605,6.13E-17
9206.423367,6.42E-17
9208.280683,7.05E-17
9210.138,4.67E-17
9211.995316,3.95E-17
9213.852633,9.63E-17
9215.709949,8.72E-17
9217.567266,5.43E-18
9219.424582,-1.75E-17
9221.281899,4.70E-17
9223.139215,1.36E-16
9224.996531,2.38E-16
9226.853848,2.58E-16
9228.711164,2.99E-16
9230.568481,3.60E-16
9232.425797,2.80E-16
9234.283114,5.17E-17
9236.14043,2.84E-17
9237.997747,4.86E-17
9239.855063,5.54E-17
9241.71238,8.00E-17
9243.569696,4.59E-17
9245.427013,4.75E-17
9247.284329,9.06E-17
9249.141646,1.15E-16
9250.998962,1.20E-16
9252.856278,1.75E-16
9254.713595,2.62E-16
9256.570911,1.96E-16
9258.428228,1.08E-16
9260.285544,1.11E-16
9262.142861,1.13E-16
9264.000177,1.02E-16
9265.857494,1.54E-16
9267.71481,1.60E-16
9269.572127,1.15E-16
9271.429443,1.36E-16
9273.28676,1.94E-16
9275.144076,1.69E-16
9277.001393,1.80E-16
9278.858709,2.03E-16
9280.716025,1.51E-16
9282.573342,1.22E-16
9284.430658,1.58E-16
9286.287975,2.03E-16
9288.145291,1.75E-16
9290.002608,1.25E-16
9291.859924,1.60E-16
9293.717241,1.50E-16
9295.574557,1.49E-16
9297.431874,1.85E-16
9299.28919,2.22E-16
9301.146507,2.07E-16
9303.003823,9.27E-17
9304.86114,1.06E-17
9306.718456,3.52E-18
9308.575772,-5.59E-17
9310.433089,-1.29E-16
9312.290405,7.04E-17
9314.147722,-2.43E-17
9316.005038,-5.61E-17
9317.862355,-1.44E-17
9319.719671,-1.19E-16
9321.576988,8.86E-17
9323.434304,1.31E-16
9325.291621,1.75E-16
9327.148937,2.58E-16
9329.006254,2.36E-16
9330.86357,2.51E-16
9332.720887,3.06E-16
9334.578203,2.59E-16
9336.435519,1.72E-16
9338.292836,1.73E-16
9340.150152,1.84E-16
9342.007469,6.05E-17
9343.864785,6.97E-17
9345.722102,8.20E-17
9347.579418,4.98E-17
9349.436735,1.93E-16
9351.294051,2.69E-16
9353.151368,1.34E-16
9355.008684,6.50E-17
9356.866001,1.47E-16
9358.723317,1.87E-16
9360.580634,2.48E-16
9362.43795,3.41E-16
9364.295266,4.23E-16
9366.152583,4.45E-16
9368.009899,4.10E-16
9369.867216,3.42E-16
9371.724532,1.34E-16
9373.581849,8.19E-17
9375.439165,1.35E-16
9377.296482,1.56E-16
9379.153798,3.20E-16
9381.011115,3.07E-16
9382.868431,1.89E-16
9384.725748,7.86E-17
9386.583064,3.61E-17
9388.440381,8.86E-17
9390.297697,5.80E-17
9392.155013,6.54E-17
9394.01233,1.03E-16
9395.869646,5.30E-17
9397.726963,-4.13E-17
9399.584279,2.07E-17
9401.441596,3.78E-17
9403.298912,1.27E-17
9405.156229,7.20E-18
9407.013545,-7.34E-18
9408.870862,3.98E-19
9410.728178,9.44E-18
9412.585495,4.54E-17
9414.442811,9.13E-17
9416.300128,1.01E-16
9418.157444,8.78E-17
9420.01476,6.61E-17
9421.872077,6.52E-17
9423.729393,4.91E-17
9425.58671,-5.96E-18
9427.444026,-2.96E-17
9429.301343,4.01E-18
9431.158659,1.80E-17
9433.015976,5.43E-17
9434.873292,9.51E-17
9436.730609,1.85E-17
9438.587925,-2.55E-17
9440.445242,-1.66E-17
9442.302558,-5.55E-18
9444.159875,-4.68E-18
9446.017191,1.37E-17
9447.874507,3.88E-17
9449.731824,6.09E-17
9451.58914,7.81E-17
9453.446457,5.37E-17
9455.303773,1.06E-17
9457.16109,6.58E-17
9459.018406,-4.00E-18
9460.875723,-8.35E-17
9462.733039,-4.05E-17
9464.590356,4.15E-17
9466.447672,5.75E-17
9468.304989,2.88E-17
9470.162305,6.37E-17
9472.019622,1.14E-16
9473.876938,8.66E-17
9475.734254,3.72E-17
9477.591571,-5.22E-18
9479.448887,2.57E-17
9481.306204,7.32E-17
9483.16352,4.57E-17
9485.020837,-7.56E-18
9486.878153,4.51E-17
9488.73547,5.58E-17
9490.592786,3.33E-17
9492.450103,2.65E-17
9494.307419,3.74E-18
9496.164736,3.80E-17
9498.022052,5.34E-17
9499.879369,8.18E-17
9501.736685,1.22E-16
9503.594001,8.88E-17
9505.451318,1.64E-18
9507.308634,-1.23E-18
9509.165951,2.83E-17
9511.023267,2.73E-17
9512.880584,2.90E-17
9514.7379,5.41E-17
9516.595217,5.88E-17
9518.452533,4.15E-17
9520.30985,1.22E-16
9522.167166,3.89E-16
9524.024483,1.07E-15
9525.881799,2.91E-15
9527.739116,4.39E-15
9529.596432,4.89E-15
9531.453748,4.82E-15
9533.311065,4.01E-15
9535.168381,2.19E-15
9537.025698,8.03E-16
9538.883014,3.13E-16
9540.740331,2.53E-16
9542.597647,2.92E-16
9544.454964,2.93E-16
9546.31228,2.46E-16
9548.169597,1.07E-16
9550.026913,1.76E-17
9551.88423,8.59E-17
9553.741546,3.80E-17
9555.598863,2.67E-17
9557.456179,3.83E-17
9559.313495,-4.70E-18
9561.170812,-3.84E-17
9563.028128,1.17E-17
9564.885445,-9.14E-17
9566.742761,-1.03E-16
9568.600078,9.98E-17
9570.457394,2.07E-16
9572.314711,1.34E-17
9574.172027,5.40E-17
9576.029344,7.35E-17
9577.88666,8.38E-18
9579.743977,9.41E-18
9581.601293,1.75E-17
9583.45861,4.81E-17
9585.315926,3.45E-17
9587.173242,3.06E-17
9589.030559,5.72E-17
9590.887875,1.83E-17
9592.745192,-7.37E-17
9594.602508,-7.30E-17
9596.459825,-1.98E-17
9598.317141,-1.28E-17
9600.174458,-1.81E-17
9602.031774,5.30E-17
9603.889091,7.04E-17
9605.746407,4.50E-18
9607.603724,-5.90E-17
9609.46104,-4.41E-17
9611.318357,2.58E-17
9613.175673,4.90E-17
9615.032989,6.84E-17
9616.890306,5.02E-17
9618.747622,-1.07E-17
9620.604939,1.80E-17
9622.462255,4.20E-17
9624.319572,9.47E-17
9626.176888,1.14E-16
9628.034205,6.92E-17
9629.891521,6.80E-17
9631.748838,7.18E-17
9633.606154,7.80E-17
9635.463471,6.69E-17
9637.320787,4.30E-17
9639.178104,3.46E-17
9641.03542,1.93E-17
9642.892736,4.12E-17
9644.750053,5.27E-17
9646.607369,4.76E-17
9648.464686,9.10E-17
9650.322002,1.64E-16
9652.179319,2.09E-16
9654.036635,1.82E-16
9655.893952,2.29E-16
9657.751268,3.38E-16
9659.608585,1.68E-16
9661.465901,6.90E-17
9663.323218,2.55E-17
9665.180534,-7.86E-18
9667.037851,7.61E-18
9668.895167,1.69E-17
9670.752483,2.11E-17
9672.6098,-1.72E-17
9674.467116,1.97E-17
9676.324433,1.33E-16
9678.181749,1.37E-16
9680.039066,1.51E-16
9681.896382,1.07E-16
9683.753699,4.64E-17
9685.611015,5.99E-17
9687.468332,1.09E-16
9689.325648,9.36E-17
9691.182965,6.77E-17
9693.040281,-3.67E-17
9694.897598,-1.07E-16
9696.754914,-1.39E-17
9698.61223,-4.81E-17
9700.469547,-8.01E-17
9702.326863,-7.87E-18
9704.18418,6.76E-17
9706.041496,6.30E-17
9707.898813,8.72E-17
9709.756129,9.09E-17
9711.613446,4.05E-17
9713.470762,4.50E-17
9715.328079,1.27E-16
9717.185395,1.26E-16
9719.042712,1.53E-16
9720.900028,2.64E-16
9722.757345,2.41E-16
9724.614661,5.80E-17
9726.471977,9.83E-19
9728.329294,-4.50E-17
9730.18661,5.41E-18
9732.043927,2.25E-17
9733.901243,1.44E-17
9735.75856,1.00E-16
9737.615876,-5.40E-17
9739.473193,-1.17E-17
9741.330509,6.03E-17
9743.187826,-2.95E-17
9745.045142,-6.52E-17
9746.902459,-1.33E-17
9748.759775,4.05E-17
9750.617092,7.29E-17
9752.474408,7.55E-17
9754.331724,5.67E-17
9756.189041,7.77E-17
9758.046357,1.12E-16
9759.903674,1.11E-16
9761.76099,1.18E-16
9763.618307,1.31E-16
9765.475623,5.82E-17
9767.33294,6.96E-17
9769.190256,5.72E-17
9771.047573,5.95E-18
9772.904889,1.00E-17
9774.762206,4.16E-17
9776.619522,-1.82E-17
9778.476839,-6.02E-17
9780.334155,8.54E-18
9782.191471,7.46E-17
9784.048788,-2.13E-18
9785.906104,-7.12E-17
9787.763421,-6.87E-17
9789.620737,-3.95E-17
9791.478054,-3.04E-17
9793.33537,-5.66E-17
9795.192687,-9.06E-17
9797.050003,1.26E-16
9798.90732,1.55E-16
9800.764636,-1.26E-17
9802.621953,1.64E-17
9804.479269,4.89E-17
9806.336586,-2.12E-17
9808.193902,-9.00E-17
9810.051218,1.55E-18
9811.908535,1.67E-16
9813.765851,1.37E-16
9815.623168,5.97E-17
9817.480484,1.15E-16
9819.337801,1.44E-16
9821.195117,7.89E-17
9823.052434,1.14E-16
9824.90975,6.13E-17
9826.767067,1.48E-16
9828.624383,2.40E-16
9830.4817,1.67E-16
9832.339016,1.30E-16
9834.196333,2.67E-16
9836.053649,2.27E-16
9837.910965,1.49E-16
9839.768282,1.10E-16
9841.625598,-1.82E-17
9843.482915,2.10E-17
9845.340231,4.53E-17
9847.197548,1.93E-17
9849.054864,-6.24E-18
9850.912181,-3.34E-17
9852.769497,-5.81E-17
9854.626814,-2.37E-17
9856.48413,4.99E-17
9858.341447,2.98E-17
9860.198763,-4.99E-17
9862.05608,4.04E-17
9863.913396,1.14E-16
9865.770712,2.44E-17
9867.628029,-6.15E-17
9869.485345,3.01E-17
9871.342662,1.64E-16
9873.199978,1.35E-16
9875.057295,1.83E-16
9876.914611,1.48E-16
9878.771928,-2.98E-17
9880.629244,-3.73E-17
9882.486561,2.90E-17
9884.343877,3.72E-17
9886.201194,6.02E-17
9888.05851,8.86E-18
9889.915827,-1.22E-16
9891.773143,1.32E-16
9893.630459,1.99E-16
9895.487776,2.22E-16
9897.345092,2.12E-16
9899.202409,4.27E-17
9901.059725,1.24E-16
9902.917042,1.18E-16
9904.774358,2.98E-17
9906.631675,3.61E-17
9908.488991,5.29E-17
9910.346308,-1.14E-16
9912.203624,-1.31E-16
9914.060941,-2.81E-16
9915.918257,-3.68E-16
9917.775574,-9.91E-17
9919.63289,1.60E-16
9921.490206,9.53E-17
9923.347523,4.09E-17
9925.204839,2.10E-17
9927.062156,-4.55E-17
9928.919472,-3.44E-17
9930.776789,-6.94E-18
9932.634105,4.69E-17
9934.491422,4.42E-16
9936.348738,4.66E-16
9938.206055,-4.26E-16